rider,total_outs,career_qual_pct,career_avg_score,volatility_index,post_layoff_decay_rate,pressure_factor,recent_form_weight,cold_streak_threshold,trend_momentum
Fred Boettcher,159,42.8,80.0,0.7899,0.4597,-0.2157,0.3468,4,-0.5
Myron Duarte,159,36.5,82.3,0.7091,0.1837,-0.0203,0.2065,4,0.5
Jesse Bail,153,45.1,81.0,0.6914,0.3293,-0.0819,0.0203,3,0.2234
Cody Hancock,140,43.6,81.1,0.7287,1.0,0.2577,0.3,3,-0.4081
BJ Schumacher,135,56.3,78.7,0.7613,0.6,-0.0774,0.1154,3,-0.3311
Greg Potter,134,48.5,78.5,0.7558,0.9886,-0.0789,0.0233,3,-0.5
Bryce Jensen,132,43.9,81.7,0.6515,1.0,0.2698,0.1157,3,-0.29
Clint Craig,132,32.6,77.6,0.7524,1.0,0.3948,0.1157,4,-0.5
Jason McClain,132,36.4,78.7,0.6864,1.0,0.0652,0.0236,4,0.5
Grayson Cole,130,20.8,84.7,0.4471,0.6,0.2273,0.116,6,-0.391
Bryan Richardson,125,38.4,80.4,0.6975,0.6,-0.0637,0.3458,3,-0.4145
Jerry Shepherd,119,41.2,78.1,0.7767,0.9914,-0.1918,0.0263,3,-0.5
Luke Mackey,119,51.3,82.8,0.604,1.0,0.171,0.1175,3,0.2465
Corey Navarre,117,49.6,79.3,0.7319,0.3275,-0.1591,0.0268,3,-0.2717
Cory Melton,113,38.1,79.3,0.7374,0.003,0.2551,0.2546,3,-0.2048
Robey Condra,113,40.7,82.1,0.6201,0.0027,-0.1165,0.0731,3,0.3851
Will Farrell,111,43.2,78.6,0.6971,0.6,-0.0672,0.1642,3,0.3278
Beau Hill,109,48.6,77.4,0.8884,1.0,-0.3254,0.0288,3,-0.1828
Layne McCasland,106,36.8,72.9,0.9217,0.0032,-0.3025,0.0297,3,-0.5
Blue Stone,105,49.5,80.1,0.7869,1.0,0.3584,0.165,4,-0.0379
Logan Knibbe,105,32.4,79.2,0.6995,1.0,0.0398,0.165,3,0.1248
Mike Moore,105,34.3,80.8,0.8079,1.0,0.3869,0.03,4,0.1585
Kyle Joslin,104,33.7,74.2,0.8193,0.0027,-0.1059,0.1652,3,-0.2045
Billy Quillan,103,28.2,81.2,0.5445,0.6,0.1047,0.0306,4,-0.0381
Brody Robinson,103,21.4,81.3,0.5795,0.6,0.0,0.2102,4,-0.3215
Charles Oldham,103,27.2,75.0,0.5781,0.0029,-0.1857,0.3,5,-0.4729
Colby Yates,103,45.6,79.0,0.8076,0.0034,0.4762,0.0306,3,-0.5
Hudson Bolton,103,49.5,84.3,0.5786,0.9726,-0.2063,0.0755,3,0.4913
Josh OByrne,103,17.5,80.4,0.6221,1.0,0.1854,0.0755,5,0.1089
Trent Cormier,103,25.2,71.9,0.8083,0.003,-0.275,0.2102,4,-0.5
Robert Bowers,102,23.5,79.4,0.6606,1.0,0.1373,0.1206,4,0.0219
Dylan Rice,100,24.0,78.8,0.6311,0.0029,-0.178,0.2105,6,0.0433
JC Bean,100,32.0,77.3,0.6344,1.0,-0.1205,0.1658,3,0.3928
Qynn Andersen,100,47.0,84.0,0.5304,0.0027,0.1584,0.0316,3,-0.4551
Tristen Hutchings,100,45.0,86.0,0.6097,0.0027,0.1311,0.0763,3,0.5
Buskin Wilson,99,19.2,76.9,0.6009,1.0,0.1781,0.0766,5,-0.3637
Clayton Sellars,99,39.4,82.9,0.5218,0.6,-0.1075,0.0319,3,0.5
Jason Legler,99,36.4,76.3,0.7527,0.1494,-0.1371,0.2106,3,-0.4425
Matt Austin,99,57.6,77.3,0.6978,1.0,0.0779,0.0319,3,-0.2272
Ryan Brown,99,28.3,79.1,0.68,0.0028,-0.0494,0.166,3,0.1326
Wacey Schalla,99,25.3,85.8,0.5042,0.0032,-0.0086,0.0766,3,0.5
Blu Bryant,98,26.5,81.6,0.6816,1.0,0.1913,0.2108,4,-0.5
Dustin Boquet,98,24.5,83.9,0.5417,0.6,-0.2022,0.0323,3,0.3102
Lane Vaughan,98,46.9,81.1,0.5751,0.6,0.1733,0.3446,3,0.3814
Vince Stanton,98,40.8,81.7,0.6691,0.2176,0.1172,0.2554,3,-0.5
Clint Cassell,97,25.8,78.0,0.6671,1.0,0.2821,0.0326,3,-0.3296
Stetson Wright,97,52.6,86.9,0.5026,0.0027,-0.4165,0.2109,3,-0.5
Casey Baize,96,19.8,79.1,0.6474,1.0,0.2906,0.033,4,-0.2948
Gavin Mitchell,96,29.2,80.2,0.5761,1.0,0.1562,0.033,4,-0.1883
Robbie Taylor Jr.,96,29.2,80.2,0.5342,0.6,-0.0043,0.389,4,0.0994
Howdy Cloud,95,35.8,79.2,0.5955,0.0024,-0.0959,0.2111,3,0.0621
Mason Moody,95,33.7,83.5,0.5316,0.0028,0.0381,0.0778,3,0.2855
Sam Southern,95,16.8,79.3,0.4758,0.0028,-0.0804,0.0333,6,0.214
Marcus Michaelis,94,41.5,77.1,0.7615,0.9892,-0.1278,0.0337,3,-0.0619
Tyler Fowler,94,37.2,80.4,0.6851,1.0,-0.008,0.0337,3,0.0096
Jate Frost,93,30.1,79.2,0.7435,0.0027,-0.0896,0.1227,4,0.0367
Kyle Eaton,92,21.7,81.0,0.5518,1.0,0.1277,0.0345,5,0.145
Lonnie Carpenter,92,30.4,78.6,0.6364,0.0027,-0.1913,0.123,5,-0.3896
Jace Trosclair,90,22.2,83.0,0.4326,0.0027,0.0,0.0353,4,0.3474
Rob Bell,90,30.0,79.6,0.7185,1.0,0.1459,0.0353,3,0.0129
Travis Askew,90,30.0,71.5,0.7986,1.0,0.2041,0.0794,3,-0.1788
Ruger Piva,89,25.8,83.7,0.4378,0.6,0.077,0.0357,3,-0.1436
Sonny Munns,89,22.5,73.6,0.5944,0.0031,0.0989,0.0357,3,-0.29
Steven Turner,89,46.1,77.3,0.6742,0.0026,-0.1661,0.0357,3,0.0982
Russ Sanders,88,29.5,74.7,0.7788,1.0,0.1264,0.4759,3,0.447
Braidy Randolph,87,32.2,85.4,0.3914,0.9796,0.0,0.2122,4,-0.5
Charles Zoss,87,43.7,75.1,0.7934,0.0026,-0.0848,0.0366,3,0.5
Mason Spain,87,32.2,82.6,0.6272,0.0028,-0.0602,0.0366,3,0.4255
Case Drake,86,22.1,79.5,0.7304,0.0028,-0.0705,0.1685,4,0.3837
Jordan Spears,86,32.6,83.7,0.5828,1.0,-0.0107,0.037,3,-0.5
Bobby Waller,85,30.6,77.7,0.6897,1.0,-0.1198,0.0812,4,-0.5
Derald Riche,84,34.5,75.1,0.7495,1.0,0.112,0.038,4,0.2333
Jesse Petri,84,38.1,83.0,0.5473,0.0028,0.1686,0.1253,3,-0.5
Jestyn Jax Woodward,84,17.9,83.7,0.3591,1.0,0.2834,0.038,6,0.0576
Philip Elkins,84,50.0,79.0,0.6651,1.0,0.5,0.431,3,0.2422
Zack Oakes,84,51.2,76.7,0.6421,1.0,0.0627,0.0816,3,0.4092
Greg Fuller,83,45.8,75.8,0.7753,1.0,-0.2622,0.2564,3,-0.5
Scott Schiffner,83,38.6,77.5,0.6803,1.0,-0.1023,0.3436,4,-0.5
Vinicius Rodrigues Pereira,83,24.1,84.8,0.369,1.0,0.0,0.2128,4,0.2036
Ardie Maier,82,25.6,75.2,0.7573,1.0,0.0449,0.126,4,-0.3685
Dan Connley,82,18.3,75.3,0.4966,0.0029,0.039,0.039,6,-0.4951
Terry Don West,82,50.0,80.6,0.9207,0.6,-0.0024,0.0825,3,-0.0201
Hayden Welsh,81,60.5,84.1,0.5873,1.0,0.5,0.4303,3,-0.5
Jason Mattox,81,14.8,73.7,0.5145,1.0,-0.125,0.0829,8,0.2614
Luke Mast,81,23.5,82.7,0.459,0.003,-0.0811,0.1263,5,-0.3594
Travis Campbell,81,35.8,74.6,0.6937,1.0,0.0013,0.0395,3,-0.5
Brody Nelson,80,15.0,79.6,0.4222,0.6,-0.2022,0.2567,7,-0.1834
Dustin Elliott,80,62.5,76.9,0.7329,0.988,0.046,0.04,3,0.5
Trey Kimzey,80,25.0,83.0,0.5027,0.0027,-0.1299,0.04,4,0.4056
Billy Burt,78,56.4,74.3,0.6619,0.9925,-0.0756,0.2137,3,0.2907
Brek Steve Sanderson,78,9.0,81.1,0.3245,1.0,-0.0233,0.0411,13,-0.4615
Chad Klein,78,24.4,78.3,0.6452,0.0027,-0.168,0.3,5,-0.5
Josh Frost,78,41.0,85.7,0.4644,0.0034,0.0515,0.0411,3,0.5
Shane Gordon,78,37.2,71.2,0.8851,0.0028,0.0727,0.0842,3,-0.5
Zack Brown,78,47.4,79.4,0.7075,1.0,0.0504,0.2568,3,-0.2086
Dione de Souza Ribeiro,77,19.5,81.8,0.6743,0.6,0.0,0.0417,5,-0.2871
Jess Pride,77,35.1,75.6,0.656,1.0,-0.2003,0.0417,3,-0.2728
Thomas Bert,77,44.2,73.9,0.622,1.0,-0.0173,0.3861,3,-0.4567
Trace Redd,77,35.1,83.6,0.5359,1.0,-0.0096,0.2569,3,-0.1704
Colt Munden,76,9.2,77.7,0.555,1.0,0.1098,0.0423,11,-0.2949
Hayden Ferguson,76,23.7,78.3,0.6671,1.0,-0.0222,0.3,4,0.5
Jereme Youree,76,31.6,71.7,0.911,1.0,-0.1128,0.0423,3,0.1656
Macaulie Leather,76,38.2,84.9,0.4379,1.0,0.0,0.0852,4,-0.4471
Shane Drury,76,32.9,77.8,0.6072,1.0,-0.29,0.0423,4,0.1248
TJ Gray,76,38.2,84.9,0.5064,1.0,0.3338,0.0423,3,0.4645
Wade Tuni,76,7.9,81.5,0.3239,0.0028,0.0411,0.0423,9,-0.3279
Colton Byram,75,38.7,81.9,0.5936,1.0,0.0605,0.0429,3,-0.0622
Jean Carlos Teodoro,75,33.3,84.6,0.489,0.0028,0.1488,0.5143,5,-0.5
John Crimber,74,62.2,87.7,0.4611,1.0,0.095,0.4283,3,-0.5
Julio Cesar Marques,74,40.5,84.8,0.4649,1.0,0.0,0.0435,3,0.4879
Luke Kelley,74,32.4,75.4,0.8434,1.0,-0.0015,0.2145,3,0.1067
Paulo Crimber,74,59.5,77.5,0.758,0.0035,-0.0329,0.0435,3,0.2815
Brad Moreno,73,27.4,82.3,0.5392,0.0027,-0.0846,0.0441,4,0.5
Colten Fritzlan,73,54.8,83.9,0.4982,0.9737,-0.0552,0.0441,3,0.2472
Ezekiel Mitchell,73,28.8,85.4,0.4077,1.0,0.0,0.3,3,-0.5
Jarrod Ford,73,45.2,74.2,0.6708,0.0024,0.1397,0.1294,3,0.5
Kenton Marsh,73,37.0,78.2,0.6729,1.0,-0.076,0.3,4,-0.5
Lee Woolsey,73,52.1,74.8,0.7125,1.0,0.0541,0.0441,3,0.1854
Nathan Bayous,73,20.5,82.1,0.4766,1.0,0.3435,0.2574,4,0.209
Riley Shippy,73,35.6,81.7,0.5731,1.0,0.0462,0.1294,3,-0.5
Roscoe Jarboe,73,37.0,81.5,0.6719,1.0,-0.1833,0.0441,4,0.1181
Ryan Hochstrat,73,23.3,74.2,0.8472,1.0,-0.2838,0.0441,4,-0.2271
Scottie Knapp,73,26.0,83.3,0.4088,0.0028,-0.1164,0.0441,4,-0.5
Ted Bert,73,34.2,73.2,0.585,1.0,-0.0326,0.0868,3,0.0278
Tristan Mize,73,41.1,84.4,0.4908,1.0,0.1285,0.3853,3,-0.5
Vitor Losnake,73,21.9,82.3,0.792,1.0,0.0,0.0441,5,0.0105
Boudreaux Campbell,72,27.8,84.2,0.5555,1.0,0.0229,0.0448,4,-0.5
Brenson Bartlett,72,31.9,81.1,0.5597,1.0,0.299,0.0448,3,-0.1128
Jared Jaques,72,27.8,76.0,0.4361,1.0,0.0938,0.0448,5,0.021
Jeff Steedley,72,27.8,76.1,0.592,1.0,-0.0348,0.1724,5,0.2654
Austin Paley,71,7.0,85.6,0.1858,0.6,0.0,0.0455,11,0.2708
Gerardo Venegas,71,38.0,74.7,0.6098,1.0,-0.0808,0.2152,3,-0.0759
Clayton Foltyn,70,35.7,75.9,0.6636,1.0,0.1696,0.0462,3,0.1216
Rusty Patrick,70,50.0,77.0,0.6963,0.97,0.272,0.0462,3,-0.249
Brady Fielder,69,71.0,87.0,0.372,0.0086,0.0,0.0469,3,-0.2749
Braxton Whitesell,69,50.7,81.4,0.5738,0.0024,-0.0733,0.0469,3,-0.2361
Jake Gardner,69,42.0,83.6,0.4762,0.6,0.2501,0.3,3,-0.5
Rawley Johnson,69,23.2,83.3,0.4202,0.0028,-0.3578,0.4266,5,-0.2749
Wyatt Rogers,69,27.5,80.2,0.8426,0.6,0.2077,0.2578,5,-0.5
Daniel Keeping,68,55.9,86.3,0.4871,0.0024,0.0,0.2579,3,-0.5
Lee Akin,68,32.4,83.0,0.6763,1.0,0.4856,0.1738,4,0.3345
Thiago Salgado,68,60.3,86.1,0.4714,0.0029,0.0,0.1738,4,-0.3803
Tristin Parker,68,35.3,83.4,0.5007,0.0029,0.0722,0.0476,4,-0.4661
James Morgan,67,32.8,73.8,0.7141,1.0,0.1474,0.1323,3,0.037
Ramon Fiorini,67,26.9,80.9,0.5196,0.0035,-0.1255,0.1323,4,-0.5
Elijah Mora,65,30.8,81.4,0.6469,0.9925,0.0153,0.05,3,0.0171
Nick Price,65,41.5,77.1,0.7404,0.0033,-0.0972,0.05,3,-0.3983
Creek Young,64,37.5,82.5,0.801,1.0,0.0416,0.0508,3,-0.0987
Dakota Warnken,64,26.6,79.9,0.7123,1.0,-0.1532,0.0508,3,-0.099
Damien Wood,64,15.6,79.6,0.4929,1.0,-0.0088,0.2585,5,-0.2965
Kobie Olson,64,26.6,83.3,0.4066,1.0,0.0608,0.2169,4,-0.4623
Raile Joens,64,14.1,78.3,0.5922,1.0,-0.05,0.0508,6,-0.0416
Sam Medlock,64,31.2,76.2,0.5382,1.0,0.0,0.5076,4,-0.4135
Steve Antczak,64,31.2,72.6,0.7227,0.988,-0.1758,0.0508,3,-0.1228
Hayes Weight,63,28.6,85.0,0.5177,0.0028,-0.3469,0.5483,4,0.5
Lucas Divino,63,38.1,84.4,0.5051,0.0062,0.0,0.0517,3,-0.4266
Maverick Smith,63,41.3,85.2,0.4896,0.0201,0.0,0.4241,3,0.362
Trevor Reiste,63,31.7,85.9,0.49,0.0029,0.0056,0.0517,4,-0.094
Guilherme Valleiras,62,40.3,86.1,0.3855,0.9976,0.0,0.0526,3,0.3186
Brady Turgeon,61,23.0,84.0,0.4226,1.0,0.0816,0.1768,4,0.0522
JD Hoagland,61,32.8,73.8,0.7551,1.0,0.1603,0.0536,3,-0.3282
Josh Carter,61,34.4,71.8,0.8294,0.9905,0.0967,0.0536,3,-0.0174
Justin Kennedy,61,45.9,74.0,0.6526,0.9941,0.1526,0.0536,3,-0.3173
Kenny Drayton,61,26.2,73.9,0.5635,1.0,-0.0044,0.3,4,-0.2883
Luke Meeks,61,34.4,75.9,0.618,1.0,0.0574,0.0946,4,-0.5
Alex Junior da Silva,60,26.7,83.4,0.4849,1.0,0.0,0.0545,4,-0.2906
Canyon Bass,60,15.0,83.4,0.4062,1.0,-0.0047,0.0545,6,-0.1781
Danny McDowell,60,33.3,78.4,0.6944,1.0,0.0,0.0545,3,-0.1003
Hudson Williams,60,6.7,74.1,0.6581,0.0029,0.0,0.1364,14,0.1441
Jay Morrow,60,46.7,75.8,0.6223,0.0043,-0.0002,0.0545,3,-0.3196
Lucas Martins Costa,60,25.0,84.2,0.3854,0.0201,0.0,0.0955,4,-0.239
Will Berryhill,60,36.7,76.7,0.6333,0.0031,-0.0758,0.4227,3,-0.1208
Cole Hill,59,20.3,80.0,0.5291,1.0,0.1597,0.4222,6,0.5
Colton Coffman,59,40.7,82.6,0.5698,0.995,-0.077,0.0556,3,0.2163
David McLean,59,22.0,75.2,0.6787,0.0035,-0.0299,0.0556,3,-0.5
Dawson Branton,59,37.3,81.1,0.8647,1.0,-0.2187,0.137,4,0.0436
Dener Barbosa,59,55.9,83.3,0.6783,0.9926,0.0,0.0556,3,0.1952
Fulton Rutland,59,23.7,83.8,0.513,1.0,0.0632,0.0556,4,-0.5
Jacob Carige,59,18.6,82.7,0.4226,1.0,0.0015,0.0556,5,0.5
Jason Chisum,59,13.6,71.2,0.7681,1.0,-0.0755,0.0556,5,-0.3268
Kenny Hickman,59,45.8,73.9,0.7583,0.0026,0.2384,0.4222,3,-0.3323
Tahj Wells,59,22.0,83.3,0.3696,0.9723,-0.0491,0.0963,4,0.1812
Weston Slyter,59,37.3,76.2,0.6691,1.0,0.102,0.0556,4,-0.5
Andrew Alvidrez,58,31.0,86.2,0.4531,0.0027,0.0,0.0566,3,-0.5
Gary Burt,58,25.9,74.1,0.6097,0.0028,-0.0513,0.0566,3,0.2125
Manoelito de Souza Junior,58,27.6,83.2,0.4983,1.0,0.0,0.0566,3,-0.4304
Mason Taylor,58,37.9,83.8,0.5134,0.6,0.0424,0.0566,3,-0.1154
Palmer Merritt,58,51.7,75.2,0.6939,1.0,-0.0111,0.0566,3,0.3125
Scott Wells,58,27.6,83.6,0.4909,0.9719,0.0453,0.0566,4,0.1182
Shad Bruhn,58,29.3,73.5,0.766,1.0,-0.0705,0.1377,5,-0.5
Ashton Slaugh,57,5.3,79.8,0.1932,0.0029,-0.0408,0.3808,10,0.0307
Cade Griego,57,28.1,80.1,0.7523,0.0028,-0.1207,0.0577,3,0.4886
Claudio Montanha Jr.,57,43.9,85.2,0.4523,1.0,0.0,0.0577,4,-0.5
Dakota Buttar,57,49.1,83.9,0.5127,0.6,0.0,0.0577,3,-0.1149
Davi Henrique de Lima,57,21.1,85.1,0.3234,0.6,0.0,0.0577,4,0.5
Lonnie West,57,21.1,82.4,0.4163,0.6,0.0,0.0577,5,-0.1197
Mossy Waite,57,10.5,83.9,0.2811,0.0028,-0.0053,0.0577,6,0.2315
Nash Jones,57,28.1,78.7,0.85,0.0027,0.1129,0.2192,5,0.4001
Steve Balgeman,57,54.4,72.9,0.6537,1.0,-0.1003,0.0577,3,0.1801
Bobby Welsh,56,46.4,76.2,0.7,1.0,0.0,0.099,3,0.0738
Cimarron Rucker,56,26.8,81.5,0.5741,1.0,0.2541,0.0588,4,-0.0813
Cody Goodwin,56,12.5,75.1,0.3688,1.0,-0.0572,0.0588,10,0.0978
Damien Krushall,56,21.4,84.0,0.3476,0.98,-0.0314,0.0588,4,0.1633
Ethan Winckler,56,35.7,84.2,0.5564,1.0,-0.4878,0.0588,3,-0.5
Jax Mills,56,26.8,81.7,0.4981,1.0,0.0,0.0588,4,-0.2996
Jeff Rupert,56,28.6,72.7,0.5456,1.0,0.1404,0.5814,4,0.5
Rick Wock,56,21.4,77.5,0.5868,1.0,0.0043,0.1392,7,-0.1823
Vic Dubray,56,17.9,73.8,0.672,0.0035,-0.0641,0.2598,5,-0.5
Wyatt Bowman,56,23.2,81.0,0.4991,0.003,-0.0595,0.3402,4,-0.5
Alvaro Ariel,55,12.7,84.8,0.3099,0.0086,0.0,0.26,6,-0.3446
Bob Mitchell,55,49.1,84.0,0.6217,0.0052,0.0,0.06,3,-0.2273
Jason Bennett,55,47.3,79.0,0.7088,0.0026,0.1431,0.06,3,-0.5
Max Fortmuller,55,32.7,73.1,0.7074,1.0,0.0,0.06,4,-0.5
Romario Leite,55,30.9,83.7,0.5598,0.6,0.0,0.46,8,-0.5
Toby Hale,55,18.2,76.6,0.7824,1.0,-0.0481,0.5,4,-0.331
Bandy Murphy,54,40.7,79.3,0.6292,0.9945,0.0957,0.0612,5,0.4504
Dusty Orchard,54,9.3,74.8,0.2701,1.0,-0.0245,0.0612,8,-0.25
Eric Gunkelman,54,33.3,71.6,0.5797,0.97,0.095,0.2204,4,-0.1784
Vinicius Pinheiro Correa,54,37.0,83.5,0.4995,0.0031,0.0,0.0612,3,-0.5
Aaron Roy,53,45.3,83.8,0.4333,1.0,0.0,0.0625,3,0.1925
Casey Wright,53,30.2,73.3,0.697,0.6,-0.1389,0.0625,3,-0.4925
Donnie Mills,53,50.9,74.7,0.5985,1.0,-0.0801,0.4583,4,-0.5
Dwayne Hargo,53,26.4,74.0,0.7868,0.0039,0.0,0.3396,4,0.3026
Elizmar Jeremias,53,28.3,86.0,0.4667,0.0029,0.0656,0.0625,4,0.5
Josh Mulholland,53,43.4,74.5,0.5682,0.0026,0.1342,0.4583,4,-0.5
Kase Hitt,53,28.3,83.9,0.4077,0.004,0.2222,0.3792,4,-0.5
Levi Smith,53,35.8,73.3,0.667,0.0032,-0.095,0.3792,3,0.5
Tyler Bingham,53,22.6,83.0,0.5296,0.0032,-0.0337,0.5771,4,-0.1265
Aaron Williams,52,36.5,80.5,0.5825,0.6,-0.0797,0.0638,3,0.5
Andy Guzman,52,36.5,82.7,0.7429,0.0028,0.1069,0.0638,3,0.5
Baler Raymond,52,9.6,79.3,0.3178,1.0,0.0,0.0638,7,-0.3487
Brad McKee,52,19.2,74.1,0.6955,0.9971,0.0,0.0638,5,-0.1965
Coby Wheeldon,52,25.0,72.3,0.6991,1.0,0.0,0.0638,4,-0.2091
Cody Fraser,52,5.8,83.5,0.3763,1.0,0.0616,0.0638,12,-0.1627
Davey Dyke,52,46.2,78.7,0.5293,1.0,0.0691,0.0638,4,-0.0506
Jeff Bertus,52,28.8,79.9,0.535,1.0,-0.001,0.5755,3,-0.4906
Jerson Arantes,52,23.1,84.0,0.3903,1.0,0.0,0.0638,6,0.5
Koltin Hevalow,52,48.1,85.1,0.4964,1.0,0.0,0.0638,3,0.394
Luciano De Castro,52,40.4,85.3,0.4311,1.0,0.0,0.0638,3,0.5
Mike Ruby,52,38.5,77.2,0.7023,0.0032,-0.0851,0.5362,4,0.0051
Paulo Eduardo Rossetto,52,53.8,85.3,0.5259,0.2473,0.0,0.3787,3,-0.5
Zane Cook,52,26.9,84.6,0.4271,0.003,0.0,0.1426,4,0.4672
Coy Robbins,51,35.3,83.8,0.4337,0.6,0.0,0.0652,3,-0.4003
Darran Robertson,51,29.4,72.9,0.7107,0.9782,0.0765,0.0652,3,0.0233
Ernie Courson,51,33.3,84.4,0.4942,1.0,0.0566,0.1826,3,-0.5
Gavin Knutson,51,37.3,83.9,0.4896,1.0,-0.159,0.0652,3,0.3538
JC Sanders,51,33.3,75.2,0.8523,0.0028,0.0,0.0652,4,-0.5
Joao Ricardo Vieira,51,31.4,84.0,0.5753,1.0,0.0,0.5739,3,0.2136
Josh Johnson,51,37.3,76.7,0.6764,0.9818,-0.1167,0.1826,3,0.3475
Koby Jacobson,51,29.4,81.8,0.4706,1.0,0.0541,0.2217,3,-0.0634
Levi Gray,51,13.7,79.4,0.4567,0.9914,0.0714,0.0652,6,-0.0752
Ned Cross,51,43.1,74.5,0.5941,0.9782,0.0597,0.2217,3,0.5
Patterson Starcher,51,19.6,79.9,0.5091,0.0028,0.0018,0.4565,8,0.0403
Riley Barg,51,23.5,82.2,0.5612,1.0,-0.0872,0.0652,3,0.063
Spinner Burger,51,5.9,81.5,0.1461,1.0,0.0,0.8478,8,0.1154
Stran Smith,51,43.1,79.9,0.5742,0.0027,0.0781,0.1435,3,-0.4297
Tyler Taylor,51,35.3,83.4,0.4555,0.0029,-0.0294,0.2609,5,-0.2646
Blade Young,50,36.0,75.2,0.688,1.0,0.1205,0.0667,3,0.4358
Brian Wise,50,28.0,73.4,0.7521,0.0027,-0.0745,0.0667,3,-0.4783
Clayton Williams,50,28.0,77.1,0.6648,0.0029,-0.1014,0.4556,4,-0.5
Conner Halverson,50,10.0,81.2,0.4023,0.004,0.0568,0.0667,8,-0.3873
Cory McFadden,50,42.0,79.6,0.9179,1.0,0.3077,0.0667,3,-0.5
Eduardo Aparecido,50,44.0,86.0,0.4491,0.9727,0.0,0.2611,3,-0.5
Ethan Skogquist,50,32.0,81.4,0.4371,0.6,0.1628,0.0667,6,0.5
Justin Jacobucci,50,32.0,73.6,0.5777,1.0,-0.0254,0.0667,4,-0.157
Tyce Willis,50,20.0,80.5,0.49,0.0029,-0.0813,0.0667,6,0.5
Ben Cook 1,49,22.4,78.3,0.8214,1.0,-0.1042,0.0682,5,0.3321
Callum Miller,49,36.7,85.2,0.5838,0.0067,0.0,0.0682,4,-0.5
Chad Phipps,49,16.3,77.1,0.603,1.0,-0.0479,0.0682,5,-0.5
Cole Brewer,49,12.2,76.2,0.7208,0.6,0.2051,0.6477,7,0.1406
Francisco Costa,49,51.0,82.9,0.5672,1.0,0.0,0.0682,3,0.5
Jake Wade,49,36.7,71.7,0.6409,0.0055,0.0,0.0682,3,-0.5
Jody Turner,49,38.8,76.0,0.792,1.0,-0.0871,0.3386,3,0.2876
Ky Hamilton,49,55.1,86.0,0.527,0.997,0.0268,0.0682,3,-0.5
Mark Lopes,49,44.9,73.0,0.7118,1.0,0.2306,0.0682,3,-0.4086
Ricky Walch,49,30.6,75.5,0.6643,0.0032,0.0,0.0682,3,0.012
Riggin Shippy,49,16.3,80.3,0.4151,1.0,0.017,0.1841,7,-0.3647
Steve Oddy,49,8.2,72.2,0.4789,1.0,0.0,0.0682,7,-0.5
Alan de Souza,48,58.3,85.4,0.3437,0.0759,0.0,0.1849,4,-0.5
Blake Blanchard,48,18.8,80.8,0.4908,0.0029,0.0,0.0698,6,0.1806
Bobby Albertson,48,25.0,72.5,0.7751,0.0028,0.0,0.4535,4,-0.1063
Brett Hanrahan,48,20.8,75.0,0.6512,0.6,0.0,0.0698,5,0.3234
Dalton Walling,48,4.2,76.2,0.3471,0.0029,0.0778,0.0698,16,0.0045
Donnie Newman,48,8.3,79.5,0.4165,1.0,0.0407,0.0698,11,-0.4287
Jed Moore,48,39.6,71.8,0.6782,1.0,0.0251,0.0698,3,0.156
Joe Smith,48,29.2,74.6,0.6192,0.0121,0.0504,0.3767,5,-0.5
John Jacobs,48,39.6,75.2,0.6466,1.0,-0.0167,0.3384,4,-0.1492
Justin Foltyn,48,20.8,75.7,0.6487,1.0,0.0333,0.4151,3,-0.2772
Leonardo Castro,48,41.7,85.3,0.5754,0.6,0.0,0.0698,3,-0.2249
Mike Chaffin,48,35.4,73.2,0.6732,1.0,0.0943,0.3767,4,0.4553
Nick Duncombe,48,31.2,68.0,0.6427,1.0,0.0,0.0698,3,0.2283
Weslei Ferreira de Jesus,48,4.2,84.2,0.3471,0.0201,0.0,0.0698,12,-0.2434
Alex Cerqueira,47,40.4,81.1,0.8109,1.0,0.0,0.1095,4,0.5
Cole Harvey,47,21.3,76.3,0.5657,0.982,-0.0568,0.4905,4,-0.5
Cooper James,47,34.0,82.3,0.4326,1.0,-0.1587,0.1857,5,0.4728
Cory Check,47,21.3,77.6,0.6353,0.0038,0.3788,0.3381,4,-0.5
Ednelio Rodrigues,47,12.8,82.2,0.3404,0.0029,0.1184,0.4524,10,0.1453
Everton Natan da Silva,47,53.2,84.0,0.6831,0.0121,0.0,0.0714,3,-0.2265
Mecate Trammell,47,27.7,77.0,0.8489,0.6,-0.0917,0.0714,4,0.5
Nathan Klassen,47,25.5,76.4,0.6012,0.6,-0.1338,0.6048,12,0.5
Nick Tetz,47,53.2,84.6,0.4914,0.6,0.003,0.0714,3,-0.3293
Ray Mayo,47,17.0,78.9,0.4988,0.0029,0.0699,0.0714,4,0.1416
Rowdy Thomas,47,29.8,78.2,0.6795,0.0035,0.0,0.1857,5,0.116
Slade Malone,47,27.7,74.9,0.7308,1.0,-0.0357,0.0714,4,0.0179
Thayne Elshere,47,23.4,83.4,0.4694,1.0,-0.0094,0.0714,5,-0.0648
Trent Broussard,47,17.0,73.4,0.4771,1.0,0.0,0.4143,6,-0.3461
Weston Davidson,47,19.1,84.6,0.3509,1.0,0.0511,0.0714,5,-0.3549
Brody Hasenack,46,28.3,81.6,0.5242,1.0,0.0877,0.2244,4,0.4072
Cameron Castleberry,46,54.3,74.7,0.7286,1.0,-0.0562,0.6024,3,0.2675
Chad Castillo,46,45.7,75.9,0.6565,0.0026,-0.0982,0.0732,3,-0.0966
Connor Trevathan,46,4.3,60.0,0.3497,1.0,0.0,0.0732,17,-0.0072
Cullen Telfer,46,45.7,82.9,0.4669,0.0031,0.1266,0.3756,3,-0.0847
Hadley Hunting,46,28.3,74.5,0.5739,0.0031,0.0136,0.4134,3,-0.2401
Jack Strong,46,2.2,75.0,0.3186,1.0,-0.0231,0.0732,20,-0.0412
Paul Stevens,46,8.7,78.5,0.4892,0.0028,-0.05,0.0732,10,-0.0044
Ray Thurston,46,30.4,69.5,0.6573,1.0,0.0078,0.0732,4,0.4093
Wyatt Marshall,46,13.0,78.6,0.382,1.0,0.0,0.0732,6,-0.157
Alex Jenks,45,6.7,82.0,0.1879,0.0029,0.0,0.825,7,0.1493
Blue Rodriguez,45,17.8,70.0,0.4938,1.0,0.0,0.075,6,-0.026
Chase Dougherty,45,33.3,82.2,0.4888,1.0,-0.1826,0.45,4,0.5
Cody Buller,45,46.7,78.5,0.6144,1.0,-0.0625,0.075,3,-0.5
Eli Vastbinder,45,28.9,84.4,0.5792,0.003,0.1667,0.2625,3,0.4627
Gavan Hauck,45,26.7,85.0,0.415,1.0,-0.0374,0.075,3,0.1386
Pistol Robinson,45,28.9,81.7,0.7409,0.0029,-0.0417,0.075,4,-0.1635
Tanner Eno,45,31.1,83.7,0.457,0.6,0.0,0.1125,5,0.1062
Tate Pollmeier,45,17.8,83.8,0.4968,0.0031,0.0863,0.075,4,-0.301
Bruno Carvalho,44,22.7,79.6,0.7703,1.0,0.0,0.5974,4,-0.5
Caelan Reynolds,44,22.7,79.9,0.5447,0.0029,0.1968,0.1513,3,-0.5
Chip Kilby,44,36.4,76.3,0.629,1.0,-0.114,0.0769,4,0.1858
Colby Demo,44,29.5,79.9,0.7086,0.6,0.0729,0.0769,3,0.227
Dakota Hill,44,31.8,80.5,0.6017,1.0,-0.1167,0.0769,3,0.4454
JR Stratford,44,50.0,86.0,0.5465,0.0025,-0.0236,0.3372,3,-0.4096
JaCauy Hale,44,25.0,82.8,0.4737,0.003,-0.3715,0.0769,5,0.2592
Jackson Ward,44,38.6,82.3,0.5357,1.0,0.1721,0.3372,5,0.5
Jean Fernandes Pereira,44,36.4,83.3,0.5421,0.0052,0.0,0.0769,3,0.055
Justin Legler,44,11.4,72.8,0.5922,0.0028,0.0,0.0769,6,-0.3888
Kyle Miller,44,9.1,69.8,0.6727,1.0,0.0,0.0769,12,-0.3271
Marcelo Procopio Pereira,44,38.6,84.8,0.4619,0.003,0.0,0.0769,3,0.5
Tony Rossi,44,25.0,74.3,0.5578,0.0035,-0.0671,0.3372,4,-0.5
Wes Bilyeu,44,20.5,78.3,0.447,0.0029,-0.0549,0.4859,8,-0.5
Billy Stephenson,43,14.0,84.0,0.3637,0.6,0.141,0.0789,4,-0.4018
Buster Prescott,43,25.6,72.3,0.5538,1.0,0.0,0.4474,7,0.5
Chanse Switzer,43,34.9,83.5,0.3903,0.0027,0.0,0.0789,3,0.3296
Clay Guiton,43,72.1,85.3,0.4528,0.0201,0.0,0.1895,4,0.3056
Cody Coverchuk,43,58.1,83.2,0.5027,0.0026,0.0,0.0789,5,0.214
Dalton Allred,43,46.5,85.4,0.5134,0.6,-0.2777,0.3368,3,-0.5
Eric Henrique Domingos,43,25.6,87.1,0.2955,1.0,0.0,0.2263,3,-0.5
Jason Landing,43,23.3,79.7,0.5469,1.0,0.1022,0.0789,4,-0.4491
Kent Hirdes,43,34.9,71.3,0.6596,0.0034,0.0,0.3737,3,0.356
Matt Jarvis,43,37.2,74.1,0.7285,0.0621,-0.1368,0.0789,3,0.2029
Michael Lane,43,30.2,80.3,0.6759,1.0,0.0,0.0789,4,-0.372
Poncho Limas,43,18.6,78.8,0.3941,1.0,-0.0877,0.0789,5,-0.2296
Afonso Quintino,42,35.7,80.8,0.6723,1.0,-0.2178,0.0811,4,0.5
Andy Pearson,42,2.4,73.0,0.3046,0.6,-0.0088,0.0811,20,0.4838
Bryant Pierce,42,11.9,76.4,0.3907,0.0029,0.0,0.373,5,0.0765
Cameron Mulrony,42,21.4,74.2,0.4644,0.98,0.0,0.0811,4,-0.5
Heitor Santos Ferreira,42,38.1,85.9,0.4102,0.0045,0.0,0.3365,3,0.2881
Jace Hensley,42,33.3,80.0,0.6005,1.0,0.0,0.4824,3,-0.4661
Jeff Nisen,42,16.7,76.9,0.5264,1.0,0.0307,0.227,5,-0.4052
Keyshawn Whitehorse,42,38.1,84.0,0.5851,1.0,0.0,0.0811,3,-0.5
Marco Juarez,42,26.2,82.1,0.5942,0.6,0.0734,0.0811,4,0.5
Miguel de Jesus,42,33.3,83.5,0.4971,1.0,0.0,0.0811,3,-0.2823
Sage Vance,42,38.1,82.7,0.4979,1.0,-0.0348,0.0811,3,-0.2629
Bo Vocu,41,19.5,81.9,0.4511,1.0,0.0,0.0833,4,-0.5
Dalton Rudman,41,22.0,81.3,0.421,0.003,0.4454,0.3,5,0.5
Eric Novoa,41,41.5,83.7,0.5174,0.6,-0.1674,0.3,3,-0.5
Evan Matthews,41,31.7,72.4,0.7718,0.0029,0.0,0.3,4,0.3511
Gilmar Santana,41,56.1,84.4,0.3868,1.0,0.0,0.1556,3,-0.5
Jarrod Berg,41,26.8,71.3,0.5088,0.6,-0.0595,0.1194,4,0.3236
Jordan Hansen,41,56.1,84.0,0.5256,1.0,0.0,0.2278,3,-0.5
Kyle Cheney,41,24.4,79.6,0.4488,1.0,-0.0658,0.0833,4,-0.5
Matt Porter,41,22.0,72.2,0.5128,0.0029,-0.1286,0.625,4,0.5
Mauricio Gulla Moreira,41,36.6,87.5,0.412,0.0046,0.0,0.2639,5,-0.5
Mickey Stevens,41,4.9,82.0,0.3225,0.0029,0.0,0.1917,20,-0.0256
Noah Lee,41,65.9,85.8,0.538,0.6,0.0249,0.4444,3,-0.5
Tye Odden,41,41.5,77.5,0.7319,1.0,-0.1019,0.0833,3,-0.3113
Wyatt Nez,41,34.1,80.4,0.6732,1.0,0.28,0.4444,3,0.0299
Ben Hager,40,17.5,72.1,0.3638,0.0029,0.0278,0.1929,7,0.0322
Cody McElroy,40,32.5,80.6,0.5058,0.0031,-0.1055,0.0857,3,-0.1097
James Clark,40,12.5,64.8,0.3767,0.0028,0.0,0.3,4,0.0712
Jason Diedrich,40,5.0,67.0,0.3593,1.0,0.0,0.0857,12,0.0209
Jay Slyder,40,27.5,76.2,0.6843,0.0031,0.0,0.3714,4,0.3744
Jimmie Neeley,40,25.0,70.5,0.916,1.0,0.0,0.0857,4,-0.5
Joseph Bransom,40,0.0,0,0.2875,0.7,0.0,0.0857,20,0.0
Kaiden Loud,40,32.5,85.7,0.5417,0.9769,-0.0616,0.0857,3,0.1794
Kobe Curtis Whitford,40,10.0,84.0,0.2153,1.0,0.1206,0.4071,13,0.0349
Mark Ward,40,45.0,75.8,0.8013,0.9716,-0.1667,0.3714,5,-0.5
Phoenix Marshall,40,0.0,0,0.2875,0.7,0.0,0.0857,20,0.0
Tyler Villarreal,40,7.5,76.4,0.6827,0.6,0.0,0.0857,7,0.092
Wesley Silcox,40,52.5,75.8,0.7047,0.9857,0.0,0.0857,3,0.3442
Wingson Henrique da Silva,40,32.5,83.6,0.5317,0.0031,0.0,0.0857,3,0.3605
Winy dos Santos,40,27.5,83.4,0.5825,1.0,0.0,0.1929,4,0.2973
Ashton Sahli,39,25.6,85.0,0.3966,1.0,0.0,0.6882,4,-0.5
Brett Nielsen,39,28.2,73.3,0.8329,1.0,0.0,0.0882,4,-0.016
Clayton Frohman,39,15.4,75.3,0.471,1.0,0.0,0.5471,5,0.2344
Cutter Kaylor,39,12.8,80.3,0.3381,0.004,0.0452,0.4412,5,0.1382
Ian Male,39,25.6,69.1,0.5962,1.0,0.1369,0.0882,4,-0.5
Jace Catlin,39,7.7,80.4,0.2309,1.0,0.0455,0.0882,9,-0.5
Jacey Woodward,39,28.2,76.9,0.6862,1.0,0.0,0.0882,5,-0.1729
Josh Fetzer,39,30.8,70.8,0.7217,0.9786,0.115,0.0882,3,0.2563
Marco Rizzo,39,43.6,85.5,0.5219,1.0,0.0,0.4059,3,-0.4003
Tucker Shoun,39,12.8,80.8,0.4372,1.0,0.0343,0.0882,6,0.2626
Wyatt Moulton,39,15.4,79.2,0.5241,1.0,0.1741,0.0882,5,0.5
Bobby ODonnell,38,10.5,74.8,0.3638,0.0028,0.0455,0.0909,8,0.1067
Cade Sloan,38,31.6,74.8,0.6631,1.0,-0.0245,0.0909,3,0.1652
Chad Eubank,38,60.5,76.2,0.7048,0.3754,0.0,0.0909,3,-0.129
Christian Clay Oliveira,38,28.9,82.7,0.6599,1.0,0.0,0.0909,3,-0.0397
Cooper Jacobs,38,15.8,82.1,0.3881,1.0,0.0,0.1258,8,-0.5
Cooper McClain,38,5.3,68.2,0.3443,0.0029,0.0,0.7182,18,0.0899
Dalton Kasel,38,52.6,87.3,0.3254,0.985,0.0,0.0909,3,0.162
Jeff Boudreau,38,23.7,77.4,0.4899,0.0032,-0.0417,0.4742,4,0.0803
Junior Patrik Souza,38,15.8,84.0,0.4269,0.0028,-0.0476,0.0909,5,0.5
Lane Nixon,38,31.6,76.9,0.5602,1.0,0.0,0.0909,3,-0.3737
Miles Mitts,38,18.4,71.4,0.5143,0.6,-0.05,0.3697,7,-0.0795
Owen Monfeldt,38,15.8,76.2,0.4115,1.0,0.0,0.0909,6,-0.5
Rick Navarrette,38,28.9,71.1,0.5343,1.0,0.0,0.0909,3,0.3425
Sage Kimzey,38,60.5,86.4,0.4642,1.0,-0.0197,0.0909,3,-0.1655
Shawn Silcox,38,36.8,72.9,0.8668,0.004,0.0,0.0909,3,-0.5
Spencer Slaughter,38,34.2,77.2,0.5878,0.0027,0.0,0.0909,3,-0.0541
Talmadge Langley,38,23.7,75.0,0.589,0.6,0.0,0.0909,3,-0.3597
Toby Deudney,38,23.7,80.2,0.5772,1.0,0.0049,0.0909,3,0.1174
Trey Benton,38,26.3,84.2,0.4949,1.0,0.1038,0.6136,6,-0.5
Connor Murnion,37,16.2,77.7,0.7306,1.0,0.0,0.3688,6,-0.5
Danny Elwood,37,18.9,73.7,0.5056,0.0028,0.0,0.1625,5,-0.2941
Dewey Johnson,37,21.6,73.4,0.454,0.6,0.0319,0.0938,7,0.134
Dustin Herman,37,18.9,84.0,0.3611,1.0,0.0,0.0938,3,0.5
Dusty Golden,37,21.6,80.9,0.3312,1.0,0.0,0.1969,4,-0.5
Jake Suckla,37,27.0,71.1,0.9056,0.0027,-0.0618,0.0938,3,0.245
Jared Parsonage,37,59.5,84.1,0.4355,0.6,0.0,0.2312,3,0.0415
Kevin Upchurch,37,18.9,74.9,0.4256,0.0028,0.0,0.1281,5,-0.4173
Mason Reine,37,8.1,83.0,0.2793,1.0,-0.0221,0.0938,8,0.065
Michael Riggs,37,35.1,77.4,0.7728,0.0055,-0.0956,0.0938,6,0.0155
Seth Prejeant,37,16.2,78.4,0.4034,1.0,0.0328,0.1625,6,0.5
Shane Duncan,37,35.1,75.8,0.6884,0.0026,-0.0379,0.1625,4,-0.3675
Winston Kusler,37,18.9,73.3,0.6589,1.0,0.0,0.0938,4,0.0592
Adam Percey,36,33.3,77.0,0.5684,0.0028,0.0506,0.3339,4,0.5
Boston Leather,36,13.9,84.4,0.2958,1.0,0.0,0.0968,5,-0.2228
Caden Bunch,36,13.9,83.0,0.3543,1.0,-0.2355,0.0968,4,-0.5
Clayton Graham,36,36.1,73.0,0.6658,0.9769,0.0,0.5371,3,-0.5
Coy Pollmeier,36,13.9,80.2,0.4282,0.0028,0.0,0.0968,7,-0.4496
Jason Hunsaker,36,44.4,74.8,0.7989,0.9893,0.0,0.1645,3,-0.1686
Jaxton Mortensen,36,30.6,83.8,0.3217,0.6,0.0,0.4016,5,-0.1654
Justin Daugherty,36,25.0,80.8,0.4625,1.0,0.2191,0.5032,5,0.2693
Kingston Herrero,36,5.6,82.7,0.3275,0.6,0.0476,0.1984,17,-0.0286
Kristopher Baker,36,16.7,83.2,0.3872,1.0,0.1082,0.4355,4,0.1818
Maverick Potter,36,22.2,83.6,0.3209,0.97,0.0,0.2323,6,0.1964
Neil Bourne,36,41.7,75.4,0.764,1.0,-0.0227,0.1984,3,-0.5
Paul Weinberger,36,41.7,72.6,0.7751,1.0,-0.0625,0.3677,3,0.1276
Reggie Keil,36,33.3,77.5,0.5598,0.0461,0.0,0.0968,3,-0.0757
Stefan Tonita,36,27.8,79.6,0.7556,0.003,0.5,0.7403,6,0.5
Will Rogers,36,13.9,70.8,0.3605,0.0035,0.0,0.1645,11,0.0475
Aaron Brewer,35,20.0,74.3,0.603,1.0,0.0,0.4667,6,0.0291
Angelo Rosseto,35,14.3,80.8,0.4736,0.6,0.0,0.4667,20,0.5
Austin Swartz,35,22.9,68.1,0.5878,1.0,0.0,0.1,6,0.5
Carlos Garcia,35,17.1,82.6,0.4117,1.0,0.0,0.2,5,-0.5
Cody Wood,35,22.9,72.5,0.5288,0.0028,-0.0625,0.1,4,-0.3832
Cooper Davis,35,42.9,84.5,0.624,0.6,0.0,0.1,3,0.004
Dawson Gleaves,35,31.4,81.9,0.5551,0.0201,0.2103,0.1,4,-0.2446
Douglas Lino de Souza,35,8.6,82.8,0.1877,1.0,0.0,0.1,13,0.3455
Hayden Harris,35,22.9,83.8,0.4565,1.0,0.0445,0.1,4,-0.2903
Haydn Reece,35,17.1,79.8,0.595,0.9917,0.0,0.1,5,0.5
JP McGarry,35,25.7,73.6,0.7247,1.0,-0.0703,0.1,3,-0.3726
James Oden,35,22.9,72.6,0.653,0.0201,-0.0139,0.1,3,-0.0882
Jamie Langston,35,25.7,74.4,0.8047,0.0044,0.0,0.6333,3,-0.1935
Mikie Cummins,35,37.1,75.1,0.8355,0.0036,-0.0104,0.3,3,-0.1492
Randy Marshall,35,2.9,72.0,0.3287,0.0055,-0.0108,0.1,17,-0.0132
Rogerio Venancio,35,22.9,85.5,0.3807,1.0,0.0,0.4,3,0.5
Waylon Buquoi,35,17.1,81.6,0.4468,1.0,-0.1616,0.1,4,0.3936
Andrew Stuebbe,34,26.5,76.6,0.6367,1.0,0.0,0.4638,3,-0.3189
Austin Richardson,34,32.4,87.6,0.4652,1.0,0.0,0.7586,3,0.5
Brandon Ballard,34,5.9,84.2,0.3723,1.0,0.0,0.1034,11,-0.0619
Brock Cooper,34,23.5,78.2,0.5641,0.0035,0.1135,0.3655,6,-0.5
Casey Cooley,34,20.6,77.6,0.6121,0.0028,0.0167,0.431,5,-0.2999
Charles Schwartz,34,23.5,70.9,0.7409,0.9942,-0.0889,0.1034,4,-0.5
Colt Orchard,34,20.6,73.1,0.6352,1.0,0.0167,0.3,8,-0.5
Ednei Caminhas,34,17.6,84.6,0.329,0.0032,0.0,0.5621,4,0.0475
Harrison Kalinka,34,20.6,78.6,0.5213,1.0,0.0,0.1034,6,-0.5
James Crider,34,35.3,74.2,0.6913,0.6,0.0,0.1034,3,-0.4637
Jeferson Silva,34,20.6,83.8,0.3613,1.0,0.0,0.1034,5,0.5
Jesse Snyder,34,11.8,70.2,0.5435,1.0,0.0,0.1034,7,0.2536
Josh Lively,34,35.3,70.4,0.6235,1.0,0.0,0.169,3,-0.5
Logan Smith,34,14.7,71.0,0.2918,1.0,0.0119,0.1034,5,0.0002
Pokey Houghton,34,0.0,0,0.2875,0.7,0.0,0.1034,20,0.0
Royd Doyal,34,38.2,80.7,0.5017,1.0,-0.2373,0.1034,4,0.4728
Ryan Edmonds,34,17.6,69.5,0.4965,1.0,-0.0484,0.1034,6,-0.5
Trent Ferreir,34,26.5,84.2,0.3979,0.003,0.0,0.3983,5,0.4126
Trey Bankston,34,23.5,74.1,0.5978,1.0,0.0,0.1034,4,0.5
Wyatt Cooper,34,14.7,81.5,0.5247,1.0,0.0259,0.2017,7,0.5
Aaron Lowe,33,15.2,72.8,0.3624,0.9829,-0.0417,0.4607,8,0.0477
Andy Crozier,33,24.2,74.6,0.5551,0.6,0.0,0.2357,3,0.4525
Brad Jones,33,36.4,74.8,0.6012,0.6,0.0,0.1071,3,-0.5
Carter Hanson,33,3.0,65.0,0.3313,0.0029,0.0,0.1071,16,0.0179
Casey Deardorff,33,18.2,71.2,0.75,0.0055,0.0,0.1071,6,-0.0029
Chazz Gabe,33,12.1,76.8,0.4063,1.0,0.0,0.1071,5,0.0262
DJ Domangue,33,51.5,75.8,0.7009,1.0,0.0,0.525,3,-0.1887
Deklan Garland,33,39.4,83.2,0.5488,1.0,-0.144,0.3,3,0.1691
Dusty Hipps,33,33.3,73.2,0.8741,0.6,0.0,0.5571,3,-0.5
Garrett Green,33,63.6,82.3,0.6926,1.0,0.0,0.1071,3,-0.1654
Grady Young,33,48.5,81.5,0.5119,0.6,0.2238,0.2036,3,-0.5
Josh Koschel,33,57.6,76.1,0.7251,1.0,0.1124,0.3,4,-0.5
Rob Crump,33,36.4,70.9,0.6419,1.0,0.0,0.3321,4,0.5
Travoris Zeno,33,30.3,85.8,0.4765,0.6,-0.1567,0.2036,5,-0.2048
Trey Spinn,33,21.2,76.1,0.6833,0.0086,0.0,0.525,4,0.1927
Ty Scoggins,33,24.2,76.6,0.7717,0.0028,0.0,0.1071,3,0.5
Tyler Crockett,33,24.2,72.0,0.535,0.6,0.1295,0.4929,6,0.282
Weston Blackburn,33,18.2,73.3,0.568,0.0028,0.0,0.1071,4,0.2682
Bert Hershberger,32,37.5,75.2,0.683,0.0062,-0.0476,0.1111,3,-0.5
Blaine Petersen,32,12.5,80.5,0.3244,1.0,-0.0345,0.4259,4,-0.5
Carson Watford,32,18.8,81.6,0.4832,1.0,-0.2407,0.1111,4,-0.4762
Cody Jesus,32,43.8,86.8,0.4169,0.0121,0.0,0.1111,3,-0.5
Dale Jefferson,32,21.9,72.1,0.6616,0.6,0.0,0.5519,5,0.2711
Eyer Morrison,32,40.6,84.3,0.4395,1.0,0.0662,0.1426,3,-0.5
Garth Oldfield,32,21.9,80.6,0.6777,0.9743,0.0316,0.1111,6,0.5
Grant Wells,32,37.5,78.6,0.5872,0.0035,-0.1429,0.6778,8,0.5
James Green,32,37.5,73.9,0.5644,0.0032,0.0,0.3315,4,0.4966
Kolt Achenbach,32,15.6,79.0,0.4113,1.0,0.0216,0.1111,6,-0.0599
Larry Leist,32,34.4,74.1,0.753,1.0,0.1471,0.1111,3,0.4736
Lauro Nunes Vieira,32,31.2,82.9,0.4238,0.6,0.0,0.1111,4,-0.1361
Marcus Mast,32,34.4,85.2,0.425,0.6,0.0,0.1111,3,-0.1167
Matt Clouser,32,12.5,73.8,0.4072,0.6,0.0,0.7407,6,0.2318
Ryan Howard,32,21.9,66.6,0.5671,0.0039,0.0,0.1111,4,-0.2505
Spook Wiggins,32,15.6,74.8,0.4862,0.6,0.0,0.3944,7,0.1707
Tice Hopkins,32,18.8,72.7,0.836,0.0086,0.0572,0.2685,4,-0.2569
Trace Scarlavai,32,37.5,83.2,0.4246,0.003,0.0272,0.1111,3,0.0449
Tyrel Jensen,32,28.1,71.8,0.6852,0.9987,0.0,0.1111,3,0.5
Cauy Schmidt,31,32.3,82.0,0.3611,1.0,0.0,0.1154,5,0.5
Clint Bailey,31,22.6,75.3,0.5071,0.0201,0.0,0.5462,3,0.5
Daniel Feitosa,31,38.7,85.0,0.48,0.0728,0.0,0.1154,3,-0.0534
Emmit Ross,31,16.1,81.4,0.3233,0.0028,0.0,0.2077,12,0.5
Griffin Koester,31,25.8,83.7,0.2915,1.0,0.0,0.1769,10,0.5
Gustavo Luiz da Silva,31,29.0,86.5,0.3331,0.0032,0.0,0.1154,5,0.5
Hunter Kelly,31,35.5,80.9,0.6115,1.0,0.1988,0.1154,3,-0.3537
Ike Boekelman,31,16.1,79.1,0.5039,1.0,0.0,0.1154,7,0.5
Jay Henderson,31,19.4,72.2,0.5204,1.0,-0.0167,0.1154,5,-0.1062
John Constantinople,31,48.4,71.0,0.7381,0.0282,0.0371,0.1154,3,-0.5
Joshua Guidry,31,6.5,77.0,0.3342,0.0029,0.0,0.7308,14,0.1263
Luke Gray,31,29.0,76.7,0.6153,0.6,0.0,0.4538,4,-0.2807
Rocky McDonald,31,22.6,80.3,0.7384,0.4232,-0.1122,0.4846,5,0.5
Sean Allen,31,32.3,74.8,0.635,0.0034,0.0,0.1154,3,0.0481
Ayden Fortune,30,20.0,80.3,0.4753,0.6,0.0,0.72,4,0.3687
Brett Crump,30,40.0,71.2,0.8624,0.0143,0.0,0.21,3,-0.5
Cody Bequeath,30,20.0,73.8,0.55,0.9727,0.0,0.27,3,-0.5
Cody Nash,30,10.0,74.0,0.6739,0.6,-0.05,0.63,5,0.1125
Cornelius Nash,30,0.0,0,0.2875,0.7,0.0,0.12,20,0.0
Dustin Wager,30,20.0,68.8,0.5881,0.0032,0.0,0.57,7,0.2685
Joao Lucas Campos,30,56.7,87.3,0.3541,1.0,0.0,0.57,3,-0.2566
Justice Forsythe,30,10.0,76.7,0.5798,0.0029,0.0278,0.12,13,0.0466
Keith Gimpel,30,6.7,66.0,0.3841,1.0,0.0,0.12,10,-0.1071
Kolt Miller,30,20.0,74.5,0.4763,0.0028,0.0,0.57,5,0.4878
Leonardo Lima,30,13.3,85.4,0.2441,1.0,0.0,0.12,12,0.1665
Natanael Serra Aires,30,6.7,84.8,0.3841,0.0046,0.0,0.39,10,-0.0276
Sandro Batista,30,43.3,85.5,0.4255,1.0,0.0,0.12,3,-0.4808
Tim Lataste,30,33.3,76.2,0.7152,0.9842,0.0,0.12,5,0.5
Tyler Kippes,30,13.3,82.6,0.4806,0.6,0.0,0.33,5,-0.5
Adam Kendrick,29,17.2,80.0,0.3227,1.0,0.0,0.5042,4,0.0
Adriano Salgado,29,48.3,85.5,0.4628,0.0035,0.0,0.125,4,0.0
Ayslan Jeferson,29,24.1,81.9,0.5674,0.6,0.0,0.5625,3,0.0
Bennie Shetler,29,0.0,0,0.2875,0.6,0.0,0.125,20,0.0
Billy Simmons,29,20.7,70.8,0.5652,1.0,0.0167,0.3583,5,0.0
Chris Herring,29,27.6,77.6,0.5722,0.6,0.0,0.125,4,0.0
Cort McFadden,29,51.7,86.1,0.4267,1.0,0.0,0.125,3,0.0
Garrett Crist,29,10.3,82.6,0.26,0.99,0.0486,0.125,7,0.0
Hunter Maxwell,29,10.3,82.1,0.2797,0.6,-0.0521,0.1542,6,0.0
James Warfield,29,3.4,77.0,0.3375,0.0029,-0.0174,0.125,14,0.0
Jayden Hicks,29,0.0,0,0.2875,0.7,0.0,0.125,20,0.0
Jesse Hopper,29,6.9,77.5,0.3875,1.0,0.066,0.125,10,0.0
Jeter Lawrence,29,37.9,84.2,0.5042,0.6,0.0,0.1542,4,0.0
Justin Ordiway,29,31.0,71.9,0.8151,1.0,-0.0736,0.7083,3,0.0
Kenny Westrope,29,41.4,77.4,0.4606,1.0,0.0,0.1542,7,0.0
Marshall Senger,29,34.5,83.0,0.3883,1.0,0.0,0.125,3,0.0
Mike Scarlavai,29,41.4,75.8,0.456,0.6,-0.031,0.2417,3,0.0
Nathan Jones,29,13.8,70.5,0.5214,1.0,0.0,0.125,7,0.0
Shawn Patrick,29,27.6,69.4,0.6377,0.0029,0.0,0.125,4,0.0
Shawn Waite,29,41.4,74.0,0.875,1.0,0.0,0.125,3,0.0
Tell Jacobs,29,6.9,80.0,0.3875,1.0,0.0616,0.125,6,0.0
Zack Morrison,29,17.2,84.3,0.2431,1.0,0.0,0.5333,3,0.0
AJ Hamre,28,42.9,69.4,0.5933,0.9722,0.0,0.3565,3,0.0
Adriano Moraes,28,57.1,77.4,0.6207,0.0048,-0.125,0.1304,3,0.0
Brad Davis,28,32.1,76.2,0.573,0.0027,0.0,0.1304,4,0.0
Bradley Fife,28,14.3,80.0,0.3888,1.0,-0.04,0.1304,6,0.0
Bradley Phillips,28,0.0,0,0.2875,0.7,0.0,0.1304,20,0.0
Brent Williams,28,21.4,73.5,0.6271,1.0,0.1528,0.4696,5,0.0
Brett Cummings,28,3.6,79.0,0.3394,0.0032,0.0,0.6957,14,0.0
Cal Peterson,28,28.6,72.8,0.4978,1.0,0.0,0.413,9,0.0
Chad Lovern,28,25.0,80.7,0.4729,1.0,0.0,0.1304,4,0.0
Cody Callaway,28,50.0,74.3,0.5479,0.0024,0.0,0.6957,3,0.0
Cody Sundby,28,50.0,76.7,0.735,0.0062,0.0,0.6391,3,0.0
Cole Trivette,28,3.6,81.6,0.3394,1.0,0.0,0.6957,14,0.0
Derek Kolbaba,28,46.4,84.9,0.5342,0.6,0.0063,0.1304,3,0.0
Dillon Tyner,28,21.4,84.2,0.3378,0.0051,-0.06,0.2435,3,0.0
Drew Jones,28,0.0,0,0.2875,0.7,0.0,0.1304,20,0.0
Elijah Jennings,28,32.1,84.1,0.4602,0.6,0.0,0.1304,3,0.0
Franky Gugliotti,28,28.6,72.8,0.445,1.0,0.0,0.3565,4,0.0
Jeremy Aldous,28,0.0,0,0.2875,0.7,0.0,0.1304,20,0.0
Joao Henrique Lucas,28,25.0,85.5,0.4146,1.0,0.0,0.3848,3,0.0
Justin Evans,28,3.6,66.0,0.3394,0.6,-0.0139,0.6957,14,0.0
Justin Hermanson,28,32.1,75.9,0.6515,0.6,0.0,0.1304,4,0.0
Kevin Collins,28,21.4,66.7,0.5248,1.0,-0.06,0.3565,7,0.0
Marcos Rosa da Silva,28,7.1,85.8,0.3912,1.0,0.0,0.1304,12,0.0
Ryan Albers,28,3.6,84.0,0.3394,1.0,0.0833,0.3565,14,0.0
Steve Fazio,28,17.9,72.0,0.5729,0.98,0.0,0.1304,4,0.0
Steve Washington,28,17.9,65.6,0.6388,0.0027,0.0,0.1304,5,0.0
Willie Church,28,28.6,77.1,0.6966,1.0,0.0,0.1304,3,0.0
Zeb Lanham,28,32.1,77.1,0.8384,0.98,0.0,0.1304,3,0.0
Bliss Yeiter,27,33.3,77.3,0.615,0.6,0.0586,0.1364,3,0.0
Brandon Chambers,27,3.7,80.9,0.3413,1.0,0.0,0.1364,13,0.0
Douglas Franco,27,11.1,82.1,0.2024,0.97,0.0,0.1364,9,0.0
Felipe Furlan,27,48.1,84.5,0.6809,0.9804,0.0,0.1364,3,0.0
Garrett Hoopes,27,7.4,80.5,0.3952,1.0,-0.029,0.1364,9,0.0
Jake Littlefield,27,48.1,77.2,0.6353,1.0,0.0515,0.1364,4,0.0
Jesse Flores,27,0.0,0,0.2875,0.7,0.0,0.1364,20,0.0
Joshua Smith,27,51.9,74.2,0.6965,0.9893,0.0,0.1364,3,0.0
Lane Clark,27,7.4,82.2,0.3683,0.6,0.0,0.1364,12,0.0
Lukasey Morris,27,11.1,86.2,0.2773,1.0,0.0,0.1364,7,0.0
Mike Strong,27,18.5,71.8,0.4687,0.004,0.0,0.6818,5,0.0
Regin Fletcher,27,18.5,75.0,0.4516,1.0,0.0,0.4909,10,0.0
Riggen Lane Hughes,27,11.1,81.0,0.1312,0.97,0.0,0.1364,7,0.0
Steve Heinle,27,11.1,74.7,0.4057,0.004,0.0,0.6818,5,0.0
Trinity Bear,27,37.0,80.8,0.7599,1.0,0.0104,0.1364,3,0.0
Wes Dinwiddie,27,22.2,75.2,0.5674,0.6,0.0312,0.1364,5,0.0
Alex Koberstein,26,11.5,67.0,0.6732,0.0027,0.0208,0.1429,9,0.0
Art Roberts,26,23.1,69.7,0.883,0.0035,0.0,0.6667,3,0.0
Beau McArthur,26,26.9,79.1,0.5607,0.9786,0.2136,0.2738,3,0.0
Casey Jessop,26,3.8,85.0,0.3435,0.0029,0.0,0.1429,20,0.0
Chad Cochran,26,46.2,70.8,0.6299,0.9708,0.0,0.1429,3,0.0
Corey Gray,26,15.4,69.5,0.5605,0.0029,0.0,0.1429,6,0.0
Eduardo Matos,26,38.5,86.6,0.3749,1.0,0.0,0.4833,6,0.0
Grant Glover,26,15.4,71.5,0.5796,0.0029,0.0,0.6143,4,0.0
Hudson Frey,26,7.7,82.2,0.3995,0.0028,0.0,0.1429,7,0.0
Jacob Hershberger,26,7.7,82.5,0.3995,0.0067,0.0,0.1952,11,0.0
Jarod Hunter,26,11.5,77.7,0.4955,0.0028,0.0,0.1429,11,0.0
Jason Finkbeiner,26,38.5,79.2,0.6865,0.0034,0.0,0.1429,3,0.0
Jett Harkins,26,38.5,86.0,0.4971,0.6,0.0,0.1429,3,0.0
Jhett Wheeler,26,30.8,80.8,0.4726,0.0029,0.0669,0.2738,4,0.0
Justin Ebeling,26,0.0,0,0.2875,0.7,0.0,0.1429,20,0.0
Justin Holley,26,3.8,78.0,0.3435,0.0029,0.0,0.1429,12,0.0
Kaleb Lewis,26,34.6,82.4,0.5897,1.0,0.0379,0.1429,4,0.0
Phillip Hofer,26,23.1,70.5,0.5905,0.0028,0.0,0.1429,3,0.0
Quentin Gisler,26,38.5,79.4,0.6859,0.0028,0.0,0.1429,3,0.0
Saul Zambrano,26,34.6,85.7,0.479,1.0,0.0,0.2214,3,0.0
Scott Doyle,26,26.9,73.7,0.4989,1.0,0.0,0.1429,4,0.0
Tristen Manning,26,7.7,83.0,0.3435,0.0029,0.0,0.6667,20,0.0
Troy Wilcox,26,30.8,75.1,0.6886,1.0,0.0,0.1429,3,0.0
Wade Berg,26,3.8,78.0,0.3435,0.6,-0.025,0.6667,12,0.0
Wade Marshall,26,7.7,79.5,0.3995,0.6,0.0,0.1429,7,0.0
Alex Hendricks,25,20.0,76.2,0.4557,0.6,0.0198,0.3,3,0.0
Anthony Hopen,25,0.0,0,0.2875,0.7,0.0,0.15,20,0.0
Brandon Sartin,25,12.0,76.3,0.4288,0.0067,0.0,0.15,6,0.0
Braydan Kilcrease,25,28.0,85.6,0.398,0.0025,0.0,0.15,6,0.0
Bret Griffin,25,24.0,72.5,0.6633,0.6,0.0,0.15,4,0.0
Charlie Barnes,25,24.0,70.2,0.5991,1.0,0.0,0.3,5,0.0
Clayton Thorp,25,8.0,87.5,0.4042,0.6,0.0,0.25,9,0.0
Clint Solomon,25,20.0,77.6,0.4209,0.9903,0.0,0.35,4,0.0
Colby Strickland,25,8.0,78.0,0.4042,0.0029,-0.0227,0.575,6,0.0
Colter Chapman,25,4.0,72.0,0.3458,0.004,0.0,0.325,12,0.0
Corey Terry,25,36.0,71.9,0.6037,0.6,0.0,0.45,4,0.0
Dusty Shipp,25,28.0,76.4,0.4839,0.0035,0.0,0.15,6,0.0
Everett Erickson,25,28.0,68.9,0.8367,0.0027,-0.0417,0.625,6,0.0
Glen Briggs,25,20.0,72.2,0.4457,0.003,0.0,0.325,4,0.0
Jake Baker,25,32.0,74.6,0.8278,0.9757,0.0038,0.15,4,0.0
Jason Power,25,36.0,69.3,0.5327,0.0121,-0.0076,0.15,4,0.0
Kacy Jones,25,0.0,0,0.2875,0.7,0.0,0.15,20,0.0
Kade Madsen,25,24.0,87.2,0.3807,1.0,-0.0339,0.5,3,0.0
Karson Legault,25,44.0,78.9,0.6688,1.0,0.0,0.15,3,0.0
Kayle Gray,25,16.0,70.8,0.75,0.6,0.0,0.65,5,0.0
Levi Quillan,25,4.0,82.5,0.3167,0.0029,-0.0159,0.65,20,0.0
Logan Biever,25,24.0,83.5,0.3865,0.6,0.0,0.2,4,0.0
Luke Parkinson,25,16.0,82.8,0.349,1.0,-0.0578,0.15,3,0.0
Mason Michaelis,25,16.0,74.5,0.7516,1.0,0.0,0.65,3,0.0
Matt Svendsen,25,12.0,72.0,0.5761,0.0046,0.0,0.525,8,0.0
Mike Weber,25,4.0,59.0,0.3458,0.0121,0.0,0.15,12,0.0
Parker Breding,25,24.0,83.0,0.5012,1.0,-0.0482,0.65,3,0.0
Seth Redding,25,48.0,71.7,0.5944,1.0,0.0,0.525,4,0.0
Troy Alexander,25,32.0,69.9,0.6363,0.0201,0.0,0.15,5,0.0
Allen Miles,24,0.0,0,0.2875,0.7,0.0,0.1579,20,0.0
Brian Lane Dunks,24,12.5,71.3,0.5984,0.0121,-0.0357,0.3237,8,0.0
Brian Marshall,24,37.5,70.7,0.6315,1.0,0.0,0.6316,3,0.0
Caden Fitzpatrick,24,16.7,82.3,0.32,1.0,-0.0952,0.3711,4,0.0
Cash Toews,24,16.7,76.4,0.6967,0.0028,0.0,0.6316,6,0.0
Chance Schott,24,12.5,80.5,0.4591,1.0,0.0,0.1579,6,0.0
Chase Hamlin,24,16.7,83.5,0.403,1.0,0.0,0.2763,5,0.0
Chase Wimer,24,16.7,83.4,0.3511,1.0,0.0,0.1579,6,0.0
Chris Sherengo,24,25.0,75.2,0.8746,1.0,-0.1,0.4421,3,0.0
Chris Willard,24,20.8,73.4,0.2908,1.0,0.0,0.6316,9,0.0
Clint Walker,24,29.2,71.6,0.8253,0.9939,-0.0167,0.2289,3,0.0
Conrad Kinsey,24,12.5,74.7,0.2195,0.0029,0.0,0.1579,7,0.0
Coy Thorson,24,12.5,79.8,0.4401,0.0027,0.0,0.1579,6,0.0
Dakota Briggs,24,0.0,0,0.2875,0.7,0.0,0.1579,20,0.0
Dylan Smith,24,16.7,81.1,0.6526,0.0028,0.0,0.1579,7,0.0
Gary Sands,24,37.5,76.3,0.8471,0.0249,0.0313,0.4658,5,0.0
Jad Fogelsonger,24,4.2,76.0,0.3484,0.6,0.0,0.6316,11,0.0
Jason Beck,24,8.3,77.5,0.4092,1.0,0.0,0.1579,6,0.0
Jess Lockwood,24,50.0,87.8,0.4437,1.0,0.0,0.6316,3,0.0
Luke Ellingson,24,50.0,79.1,0.6122,0.0026,0.0,0.1579,3,0.0
Luke Noble,24,20.8,73.6,0.5266,0.0067,0.0,0.1579,4,0.0
Monty Schaack,24,20.8,72.4,0.688,0.0026,-0.0595,0.3474,4,0.0
Tyler Craig,24,20.8,84.4,0.3681,0.6,0.0,0.6316,4,0.0
Wes Colbert,24,12.5,82.3,0.358,0.0027,0.0,0.6079,7,0.0
Yan Victor Cunha,24,37.5,87.6,0.342,1.0,0.0,0.5605,5,0.0
Charley Blackmer,23,26.1,72.3,0.5725,0.6,0.0,0.1667,3,0.0
Dakota Johnson,23,17.4,82.6,0.4037,1.0,0.0,0.2111,5,0.0
Darrell Buntin,23,34.8,69.8,0.4803,1.0,0.0,0.3889,8,0.0
Drew Mangus,23,13.0,67.7,0.2464,0.0086,0.0,0.6111,10,0.0
Dusty Elkinton,23,43.5,72.8,0.4466,0.9905,0.0,0.6111,6,0.0
Eric Ankelman,23,26.1,77.7,0.7363,0.6,0.0,0.6111,3,0.0
Eric Blom,23,30.4,70.4,0.7312,1.0,0.144,0.1667,3,0.0
Jesse Hiler,23,13.0,76.0,0.3637,0.6,0.0,0.4556,6,0.0
Jim Leatherberry,23,26.1,65.0,0.7085,0.0045,0.0,0.4111,4,0.0
Johnny Chavez,23,30.4,81.3,0.7419,1.0,0.0552,0.1667,3,0.0
Justin Hickey,23,4.3,69.0,0.3193,0.6,0.0,0.1667,20,0.0
Justin Nevis,23,4.3,52.0,0.3511,0.004,0.0,0.6111,11,0.0
Kelly Crystal,23,47.8,76.8,0.6723,0.9927,0.0,0.1667,3,0.0
Kevin Clanton,23,34.8,68.2,0.6581,0.0201,-0.1,0.1667,3,0.0
Kody Aldrich,23,8.7,81.5,0.4148,1.0,0.0,0.1667,6,0.0
Macon Thomas,23,21.7,79.1,0.4321,1.0,0.0,0.1667,3,0.0
Matt Dunsmore,23,13.0,68.7,0.3907,1.0,0.0,0.1667,10,0.0
Matt Peak,23,34.8,74.9,0.6642,0.0121,0.0,0.1667,3,0.0
Nathan Foyil,23,39.1,79.2,0.6672,0.0045,-0.1125,0.1667,3,0.0
Riquelmi Silva,23,47.8,86.2,0.3264,1.0,0.0,0.1667,4,0.0
Rocky Wisecup,23,26.1,74.3,0.7141,1.0,-0.075,0.1889,4,0.0
Ryan Greenlee,23,21.7,70.6,0.6046,0.9957,0.0,0.6111,3,0.0
Seth Green,23,17.4,77.4,0.372,0.0028,0.0,0.1667,5,0.0
Shane Scott,23,34.8,77.3,0.6529,1.0,0.05,0.3222,3,0.0
Shawn Coleman,23,34.8,73.6,0.7465,0.0057,0.0,0.1667,4,0.0
Shawn Shepherd,23,13.0,84.0,0.3956,1.0,0.0,0.1667,5,0.0
Taylor White,23,39.1,75.6,0.5859,1.0,0.0,0.1667,3,0.0
Thomas Rice,23,21.7,71.8,0.6562,0.0067,0.0,0.6111,4,0.0
Tim Woods,23,21.7,77.0,0.5859,1.0,0.0,0.3889,4,0.0
Tom Banner,23,13.0,67.7,0.218,1.0,0.0,0.2333,9,0.0
Travis Petersen,23,4.3,72.0,0.3511,1.0,0.0,0.1667,11,0.0
Ty Parnell,23,21.7,81.1,0.6101,0.0121,0.0,0.3,4,0.0
Tyler Taillon,23,21.7,71.8,0.6777,0.0067,0.0,0.2111,4,0.0
Vitor Barbieri Rigotti,23,0.0,0,0.2875,0.7,0.0,0.1667,20,0.0
Wayne Woodard,23,26.1,70.7,0.4876,0.6,0.0,0.3444,8,0.0
Blair Hanson,22,13.6,81.2,0.333,0.0029,0.0,0.1765,10,0.0
Brian Herman,22,54.5,81.0,0.6061,0.975,-0.0702,0.1765,3,0.0
Brody Bolton,22,13.6,78.7,0.4117,0.975,0.0,0.5471,4,0.0
Cal Wright,22,31.8,76.3,0.8628,1.0,0.0,0.1765,5,0.0
Chad Williams,22,4.5,70.0,0.3542,0.0029,0.0,0.1765,10,0.0
Chris Hansen,22,27.3,78.8,0.6036,1.0,0.0,0.5882,7,0.0
Cody Combs,22,22.7,76.6,0.6093,1.0,0.0,0.1765,3,0.0
Curt Check,22,22.7,75.2,0.585,0.6,0.0,0.5882,4,0.0
Danell Tipton,22,18.2,86.5,0.392,0.0028,-0.0439,0.5882,8,0.0
Daylon Swearingen,22,31.8,86.3,0.3816,0.6,0.0,0.1765,3,0.0
Francisco Flores,22,13.6,79.7,0.2644,0.0046,0.0,0.5882,4,0.0
JC Merriott,22,13.6,61.7,0.7083,1.0,0.0556,0.1765,3,0.0
JC Mortensen,22,22.7,80.3,0.4792,1.0,0.0,0.1765,6,0.0
Jadon Hayes,22,13.6,83.7,0.5231,1.0,0.0,0.5471,5,0.0
Jake Dunham,22,13.6,85.3,0.2717,1.0,0.25,0.5882,5,0.0
James Marlowe,22,50.0,76.1,0.6531,0.0026,0.0,0.5265,3,0.0
Jason Benton,22,22.7,72.6,0.4329,0.0067,0.0,0.5882,6,0.0
Jason Griffin,22,40.9,77.3,0.4284,0.008,0.0504,0.4853,6,0.0
Jeremy Myers,22,31.8,67.9,0.5874,1.0,0.0,0.2382,3,0.0
Jess Matt,22,22.7,73.6,0.7522,1.0,0.0,0.5471,6,0.0
Jim Ferguson,22,13.6,73.3,0.626,0.6,0.0,0.1765,4,0.0
John Lover,22,27.3,77.3,0.5673,0.003,0.2338,0.2588,3,0.0
Jonathan Gorzalka,22,22.7,75.8,0.7151,0.0027,0.0307,0.5882,4,0.0
Josiah Chism,22,9.1,81.0,0.4208,1.0,0.0,0.1765,6,0.0
Kagan Sirett,22,13.6,80.0,0.5393,0.0027,-0.057,0.5882,9,0.0
Kale Visnieski,22,13.6,79.2,0.3429,0.0035,0.0,0.5059,6,0.0
Kirk Giraudier,22,59.1,79.6,0.5079,0.2821,0.0,0.4853,3,0.0
Melvin Byler,22,18.2,81.7,0.4806,1.0,-0.1102,0.1765,5,0.0
Monty Luthy,22,22.7,67.4,0.7389,1.0,0.0,0.2588,3,0.0
Randy McCray,22,22.7,75.2,0.5449,0.0025,0.0,0.5265,6,0.0
Randy Ridgely,22,22.7,62.8,0.4803,0.0028,0.0,0.1765,6,0.0
Shane Ludemann,22,18.2,74.0,0.5238,1.0,0.0,0.1765,4,0.0
Shane Lystang,22,40.9,78.2,0.4898,1.0,0.0,0.5471,3,0.0
Todd Rice,22,4.5,58.0,0.3542,0.0029,0.0,0.1765,10,0.0
Tony Mendes,22,40.9,77.2,0.6121,1.0,-0.1337,0.1765,3,0.0
Travis Burian,22,63.6,74.9,0.6682,0.0024,0.0,0.3412,3,0.0
Trey Holston,22,22.7,84.4,0.4205,0.6,-0.0826,0.1765,4,0.0
Zachariah Sherrod,22,22.7,71.6,0.4651,1.0,0.0,0.1765,3,0.0
Alvy Alger,21,28.6,71.5,0.6347,1.0,0.0,0.1875,3,0.0
Andrei Scoparo,21,23.8,82.5,0.53,0.6,0.0,0.5625,4,0.0
Blaine Beaty,21,9.5,77.8,0.3925,1.0,-0.0278,0.1875,10,0.0
Brayden Lamb,21,0.0,0,0.2875,0.7,0.0,0.1875,20,0.0
Calssidy Matthews,21,28.6,77.7,0.6608,0.0027,0.0,0.1875,3,0.0
Cody Custer,21,38.1,84.9,0.5511,1.0,-0.0716,0.1875,3,0.0
Colton Clymer,21,4.8,90.0,0.3575,0.0029,-0.0139,0.5625,10,0.0
Dain Livingston,21,9.5,78.5,0.4275,0.0055,0.0,0.4875,9,0.0
Dalton Krantz,21,9.5,87.1,0.4275,0.6,0.0,0.1875,7,0.0
Dominic Benedet,21,0.0,0,0.2875,0.7,0.0,0.1875,20,0.0
Gauge Rosenberg,21,0.0,0,0.2875,0.7,0.0,0.1875,20,0.0
Hawk Whitt,21,14.3,78.0,0.3978,1.0,0.0556,0.1875,6,0.0
Jake Luttrell,21,19.0,68.5,0.2488,0.0028,0.0,0.5625,16,0.0
Jaron Nunnemaker,21,38.1,80.1,0.6279,0.9864,0.0,0.5625,3,0.0
Jeff Marn,21,47.6,72.2,0.6761,0.0026,0.0,0.5625,3,0.0
Jesse Torkelson,21,38.1,79.8,0.3698,1.0,0.0,0.1875,3,0.0
Jimmy Cairnes,21,4.8,86.0,0.3225,0.0029,0.0,0.5625,20,0.0
Joao Paulo Fernandes,21,23.8,84.4,0.2725,1.0,0.0,0.3,5,0.0
Justin Matocha,21,0.0,0,0.2875,0.7,0.0,0.1875,20,0.0
Justin Scott,21,38.1,74.2,0.4602,0.0201,-0.013,0.1875,3,0.0
Kyle Johnson,21,23.8,73.4,0.6198,0.0067,0.0,0.3562,6,0.0
Kyler McDonald,21,9.5,83.0,0.4275,0.0028,0.0321,0.4875,7,0.0
Matt Goodman,21,14.3,74.3,0.2817,0.9897,-0.0417,0.2812,5,0.0
Melmo Quintero,21,19.0,84.2,0.6353,0.6,0.0,0.1875,7,0.0
Mike White,21,42.9,83.6,0.7665,1.0,-0.0209,0.2625,6,0.0
Peter Fracchia,21,9.5,68.0,0.4275,1.0,0.0,0.375,9,0.0
Robertson Cody,21,23.8,75.6,0.4718,0.6,0.0,0.1875,4,0.0
Seth Reynolds,21,23.8,72.2,0.5111,1.0,0.0,0.1875,5,0.0
Spud Tharp,21,28.6,67.5,0.6325,0.6,0.0,0.3562,4,0.0
Steve Spencer,21,33.3,75.7,0.4853,0.6,-0.1373,0.1875,3,0.0
Terrance Granger,21,33.3,75.0,0.7201,0.0037,0.0,0.1875,3,0.0
Troy Rowen,21,23.8,62.0,0.925,0.0201,0.0,0.5625,3,0.0
Wacey Barta,21,19.0,66.0,0.708,0.6,0.0,0.1875,6,0.0
Willian de Souza,21,19.0,79.5,0.4517,0.0032,0.0,0.1875,4,0.0
Alison dos Santos,20,15.0,83.0,0.279,0.6,0.0,0.2,6,0.0
Anderson de Oliveira,20,25.0,84.8,0.3427,0.6,0.0,0.2833,3,0.0
Brian Curtis,20,60.0,78.7,0.5667,1.0,0.0,0.2,3,0.0
Cade Morris,20,0.0,0,0.2875,0.7,0.0,0.2,20,0.0
Casey Decker,20,15.0,77.7,0.379,0.6,0.0,0.2,6,0.0
Christopher McKenna,20,15.0,78.7,0.4108,1.0,-0.0833,0.5333,8,0.0
Cole Benton,20,0.0,0,0.2875,0.7,0.0,0.2,20,0.0
Colt Schneiderman,20,25.0,83.1,0.5534,0.0041,-0.25,0.2,6,0.0
Colton Burkard,20,20.0,80.0,0.3824,0.6,0.0,0.5333,7,0.0
Come Bouvier,20,50.0,79.8,0.6852,0.0031,0.0,0.5333,4,0.0
Donald Holladay,20,15.0,65.3,0.488,0.0201,0.0,0.2,4,0.0
Dustin Larsen,20,40.0,74.6,0.5902,0.0062,0.0,0.2,3,0.0
Elzisclay dos Santos,20,10.0,84.1,0.3612,0.0086,0.0,0.5333,9,0.0
Eric Williams,20,10.0,77.5,0.4349,0.6,0.0,0.2,5,0.0
George Carr,20,25.0,68.8,0.3575,0.6,0.0,0.2,7,0.0
JR Reeves,20,15.0,78.0,0.372,0.0067,0.0,0.5333,4,0.0
Jason Filla,20,15.0,77.0,0.3152,0.6,0.0,0.5333,8,0.0
Jason Wreede,20,5.0,62.0,0.3612,0.0029,0.0,0.2,10,0.0
Jesse Belyea,20,25.0,78.6,0.425,1.0,0.0,0.2,5,0.0
Jesse Krier,20,15.0,76.3,0.3988,0.6,0.0,0.2,4,0.0
Jon Buchert,20,0.0,0,0.2875,0.7,0.0,0.2,20,0.0
Jorey Dahners,20,15.0,71.0,0.4088,0.0028,0.0,0.2,3,0.0
Jose Vitor Leme,20,75.0,87.1,0.3501,0.0201,0.0,0.2,3,0.0
Joshua Sofield,20,35.0,71.9,0.7961,1.0,0.16,0.5333,3,0.0
Justin Andrade,20,20.0,75.0,0.5649,0.0034,-0.1111,0.2333,4,0.0
Justin Houston,20,5.0,69.0,0.3612,1.0,-0.0278,0.2,10,0.0
Lance Lara,20,35.0,74.1,0.8697,1.0,-0.075,0.2,3,0.0
Lucas Lund,20,0.0,0,0.2875,0.7,0.0,0.2,20,0.0
Michael Caruso,20,10.0,81.2,0.4349,0.0055,0.1111,0.3333,7,0.0
Mike Drake,20,15.0,70.7,0.379,0.0046,0.0,0.5333,5,0.0
Nick Walker,20,0.0,0,0.2875,0.7,0.0,0.2,20,0.0
Pablo Soares,20,30.0,83.1,0.5321,0.6,0.0,0.2,3,0.0
Peter Randle,20,15.0,77.0,0.1918,0.6,0.0539,0.5333,8,0.0
Robbie Russell,20,20.0,78.5,0.5042,0.6,0.0208,0.5333,7,0.0
Schane Simmons,20,50.0,71.1,0.7254,0.6,0.0,0.5333,3,0.0
Sean Case,20,35.0,71.6,0.7794,0.004,0.0,0.2,6,0.0
Sean Kampmeier,20,35.0,63.7,0.6622,0.0201,0.0,0.5333,3,0.0
Sheridon Hileman,20,30.0,73.8,0.5683,1.0,0.0,0.2,4,0.0
Tater Hins,20,40.0,72.9,0.6231,0.0042,0.0,0.2,4,0.0
Taylor Allen,20,40.0,80.9,0.5343,0.6,0.0,0.2,3,0.0
Tristan ONeal,20,15.0,83.0,0.3024,1.0,0.0119,0.2,4,0.0
Vinell Mariano,20,0.0,0,0.2875,0.7,0.0,0.2,20,0.0
Wade Feaser,20,5.0,75.5,0.3243,0.0029,0.0,0.5333,19,0.0
Aaron Atkinson,19,5.3,71.0,0.3653,0.004,0.0,0.3,9,0.0
Barrett Manthey,19,15.8,65.3,0.4552,1.0,0.0,0.3,6,0.0
Braden Richardson,19,0.0,0,0.2875,0.7,0.0,0.3,19,0.0
Caison Burrus,19,5.3,79.0,0.3653,0.6,0.0,0.3,9,0.0
Cash Keeling,19,15.8,84.8,0.3287,1.0,0.0,0.3,5,0.0
Cash Reid,19,15.8,86.8,0.3013,0.6,0.0,0.3,4,0.0
Chad Brennan,19,36.8,79.1,0.7408,0.0205,0.3876,0.3,3,0.0
Chris Staley,19,5.3,67.0,0.3264,0.0035,0.0,0.3,18,0.0
Clayton Hunt,19,5.3,76.0,0.3653,1.0,-0.0156,0.3,9,0.0
Cole Collins,19,47.4,79.0,0.6907,0.6,0.0,0.3,4,0.0
Dale Bala,19,15.8,75.0,0.404,0.6,0.0,0.3,8,0.0
David Nelson,19,21.1,71.0,0.4908,0.6,0.0,0.3,7,0.0
Denton Edge,19,21.1,79.4,0.5387,1.0,0.0,0.3,4,0.0
Diamond Elmore,19,15.8,78.7,0.4225,0.0121,-0.0667,0.3,6,0.0
Erik Hopp,19,31.6,74.3,0.5403,1.0,0.0,0.3,4,0.0
Flavio Zivieri,19,15.8,85.6,0.3063,1.0,0.0,0.3,5,0.0
Garrett Uptain,19,26.3,80.5,0.4422,1.0,0.0208,0.3,3,0.0
Gary Robinson,19,15.8,77.7,0.4743,0.0086,0.0,0.3,3,0.0
Greg Foster,19,5.3,61.0,0.3653,0.0201,0.0,0.3,9,0.0
JQ Bradney,19,15.8,71.3,0.514,0.0031,0.0,0.3,5,0.0
JR DeMarsh,19,26.3,74.8,0.6511,1.0,0.0,0.3,3,0.0
Jaegen Keeney,19,0.0,0,0.2875,0.7,0.0,0.3,19,0.0
Jordan Davis,19,26.3,72.0,0.4422,1.0,0.0,0.3,4,0.0
Kenny Stahler,19,5.3,76.0,0.3653,1.0,0.0,0.3,9,0.0
Melvin Zebroski,19,15.8,66.3,0.8083,0.0028,0.0521,0.3,4,0.0
Nathan Olsen,19,0.0,0,0.2875,0.6,0.0,0.3,19,0.0
Payton Konkel,19,5.3,78.0,0.3653,0.6,0.0,0.3,9,0.0
Rocky Fry,19,26.3,67.8,0.7702,0.6,0.0,0.3,3,0.0
Shane Reeder,19,26.3,68.2,0.6412,0.0029,0.0,0.3,3,0.0
Shon Lowry,19,63.2,81.0,0.6186,0.6,0.0,0.3,3,0.0
Stewart Cole,19,15.8,72.3,0.2533,1.0,0.0,0.3,8,0.0
Taylor Toves,19,5.3,84.0,0.3653,1.0,0.0,0.3,9,0.0
Teigan Gray,19,36.8,80.8,0.5532,1.0,-0.0952,0.3,3,0.0
Wes Buford,19,26.3,72.0,0.4993,0.0121,0.0,0.3,6,0.0
Avery Mullins,18,38.9,83.6,0.5164,0.6,0.0,0.3,3,0.0
Ben Sittler,18,0.0,0,0.2875,0.6,0.0,0.3,18,0.0
Brett Gunderson,18,0.0,0,0.2875,0.7,0.0,0.3,18,0.0
Bubba Predmore,18,22.2,71.8,0.5881,0.9893,0.0,0.3,5,0.0
Cassio Dias,18,38.9,87.5,0.3688,1.0,0.0,0.3,3,0.0
Chad Cole,18,22.2,75.5,0.6447,0.6,0.0,0.3,6,0.0
Charlie Barker,18,38.9,75.4,0.7094,0.6,0.0,0.3,3,0.0
Chris Fagundes,18,11.1,59.5,0.411,1.0,0.0,0.3,8,0.0
Clint Wells,18,16.7,80.3,0.4425,1.0,0.0,0.3,6,0.0
Cody White,18,22.2,71.2,0.5084,0.0027,-0.0667,0.3,6,0.0
Cole Wagner,18,16.7,77.6,0.5954,1.0,0.05,0.3,3,0.0
Colt Morrow,18,16.7,84.2,0.3188,0.004,0.05,0.3,4,0.0
Colt Rohrig,18,0.0,0,0.2875,0.7,0.0,0.3,18,0.0
Cooper Caldwell,18,16.7,87.7,0.3139,0.6,0.0,0.3,8,0.0
Dawson Shannon,18,5.6,85.0,0.3699,0.6,0.0,0.3,8,0.0
JW Graham,18,33.3,66.5,0.6221,0.0201,0.0,0.3,3,0.0
JW Rich,18,5.6,79.0,0.3699,0.6,0.0,0.3,8,0.0
Jason Wade,18,44.4,72.8,0.5682,1.0,0.0,0.3,3,0.0
Jeff Assman,18,11.1,66.0,0.4522,1.0,0.0,0.3,8,0.0
Jerry Lopez,18,11.1,64.0,0.4522,1.0,0.0,0.3,8,0.0
Jesse Borland,18,0.0,0,0.2875,0.7,0.0,0.3,18,0.0
Joaquin Garza,18,16.7,81.7,0.3652,0.6,0.0,0.3,4,0.0
Josh A Johnson,18,27.8,73.8,0.5198,0.0026,0.0,0.3,3,0.0
Josh Griffin,18,22.2,77.8,0.9044,1.0,-0.0667,0.3,4,0.0
Josh Lozinsky,18,22.2,71.2,0.3958,1.0,0.0,0.3,4,0.0
Keith Wernsman,18,22.2,69.8,0.6544,0.0121,0.0,0.3,3,0.0
Kevin Summers,18,16.7,77.7,0.4013,0.004,0.0,0.3,7,0.0
Kurt Smay,18,0.0,0,0.2875,0.7,0.0,0.3,18,0.0
Leroy Cooper,18,55.6,75.8,0.6335,0.9945,0.0,0.3,3,0.0
Lucas Mooningham,18,5.6,78.0,0.3699,1.0,0.0,0.3,8,0.0
Lynde Johnson,18,0.0,0,0.2875,0.7,0.0,0.3,18,0.0
Matt Fenton,18,11.1,81.0,0.3699,0.0027,0.1667,0.3,8,0.0
Merle Freeman,18,33.3,77.8,0.7464,0.0029,0.0,0.3,3,0.0
Mike Petty,18,5.6,76.0,0.3699,1.0,0.0,0.3,16,0.0
Paul Stevenson,18,0.0,0,0.2875,0.7,0.0,0.3,18,0.0
Payton Fitzpatrick,18,22.2,78.6,0.3458,1.0,0.1439,0.3,4,0.0
Riggin Wimberly,18,5.6,80.0,0.3699,1.0,0.0,0.3,8,0.0
Sean Krei,18,27.8,70.4,0.6475,1.0,0.0,0.3,3,0.0
Slade Philley,18,5.6,62.0,0.3699,0.6,0.0,0.3,8,0.0
Tate Stratton,18,50.0,74.9,0.6104,1.0,0.0,0.3,4,0.0
Thaddeus Towns,18,5.6,73.0,0.3699,1.0,0.0,0.3,8,0.0
Trey Craig,18,11.1,72.5,0.411,0.0086,0.0,0.3,8,0.0
Trey Traweek,18,38.9,80.0,0.5074,0.6,0.0,0.3,6,0.0
Tucker Mertens,18,11.1,83.8,0.4522,0.004,-0.1061,0.3,3,0.0
Tyson Hirschi,18,0.0,0,0.2875,0.6,0.0,0.3,18,0.0
Will Morris,18,11.1,70.5,0.411,0.97,0.0,0.3,8,0.0
AJ Dziekonski,17,5.9,62.0,0.375,0.0067,0.0,0.3,8,0.0
Aaron Kafka,17,47.1,71.9,0.66,1.0,0.0,0.3,4,0.0
Alfredo Rubalcaba,17,23.5,86.6,0.3245,1.0,0.0,0.3,3,0.0
Andy Valdez,17,0.0,0,0.2875,0.7,0.0,0.3,17,0.0
Bandy Starks,17,41.2,72.6,0.5962,0.9914,0.0,0.3,3,0.0
Bo Spacek,17,29.4,75.4,0.6137,0.0086,-0.0192,0.3,3,0.0
Bob Voegel,17,11.8,73.5,0.4187,0.0029,0.0,0.3,8,0.0
Brett Holder,17,5.9,76.0,0.375,0.0046,0.0,0.3,8,0.0
CL Turner,17,23.5,68.5,0.7613,0.0043,0.0,0.3,6,0.0
Clint Moorhead,17,23.5,72.5,0.5368,1.0,0.0,0.3,6,0.0
Damiao Soares,17,23.5,85.6,0.4888,0.6,0.0,0.3,3,0.0
Dan Barker,17,0.0,0,0.2875,0.7,0.0,0.3,17,0.0
Dusty Ephrom,17,70.6,74.0,0.6596,1.0,0.0,0.3,3,0.0
Francisco Garcia Torres,17,11.8,83.7,0.4187,0.0027,0.0,0.3,8,0.0
Frankie Freitas,17,0.0,0,0.2875,0.7,0.0,0.3,17,0.0
Heath Criswell,17,5.9,81.0,0.375,1.0,0.0,0.3,8,0.0
Hudson Welter,17,0.0,0,0.2875,0.7,0.0,0.3,17,0.0
Ian MacKay,17,41.2,87.3,0.3919,0.9802,0.0,0.3,4,0.0
Jarrod Dilka,17,11.8,70.5,0.4625,0.6,0.0,0.3,6,0.0
Jason Wright,17,47.1,75.4,0.4071,1.0,0.0,0.3,4,0.0
Jeremy Hughes,17,11.8,76.5,0.375,0.6,0.0,0.3,8,0.0
Jim Ferris,17,5.9,64.0,0.375,0.0086,0.0,0.3,8,0.0
John Wright,17,11.8,66.0,0.4625,1.0,0.0,0.3,13,0.0
Joshua McCall,17,23.5,74.8,0.5977,0.0031,0.0,0.3,6,0.0
Justin Rickard,17,11.8,79.5,0.4625,0.0121,0.0655,0.3,4,0.0
Kahiwa Augustiro,17,11.8,85.2,0.4625,0.0055,0.0,0.3,7,0.0
Kevin Eachus,17,47.1,68.8,0.5581,1.0,0.0,0.3,3,0.0
Logan Peterson,17,5.9,71.0,0.375,0.0086,-0.0179,0.3,8,0.0
Marcelo De Souza Dias Junior,17,35.3,82.3,0.3574,0.0029,0.0,0.3,3,0.0
Marty Robinson,17,5.9,53.0,0.375,0.6,0.0,0.3,8,0.0
Mickey Andrews,17,17.6,81.7,0.3512,0.6,0.0,0.3,5,0.0
Mike Lee,17,47.1,80.8,0.7674,1.0,0.0,0.3,3,0.0
Monty Parker,17,5.9,70.0,0.375,0.0046,0.0,0.3,8,0.0
Murilo Henrique de Oliveira,17,29.4,85.8,0.4053,0.0121,0.0,0.3,3,0.0
Nat Fly,17,41.2,72.3,0.6664,0.008,0.0,0.3,3,0.0
Nick Anderson,17,29.4,77.4,0.5624,1.0,0.0,0.3,3,0.0
PJ Morrison,17,23.5,75.8,0.8032,0.6,0.0,0.3,3,0.0
Randy Hambling,17,29.4,83.0,0.501,1.0,0.0,0.3,5,0.0
Ross Kleven,17,47.1,74.9,0.8375,1.0,-0.0417,0.3,4,0.0
Royce Jennings,17,29.4,73.0,0.7849,0.6,-0.1282,0.3,3,0.0
Ryan Dearman,17,23.5,66.8,0.6911,0.6,0.0,0.3,3,0.0
Scoobe Halterman,17,23.5,68.8,0.5347,0.0027,0.0,0.3,6,0.0
Todd Flinn,17,41.2,76.3,0.523,0.0037,0.0,0.3,4,0.0
Ty Munden,17,11.8,80.5,0.4625,1.0,0.0,0.3,5,0.0
Tyler Dellen,17,29.4,75.6,0.4971,0.0027,0.0,0.3,4,0.0
Tyler Streeter,17,23.5,75.2,0.5446,1.0,0.0,0.3,3,0.0
Tyler Thomson,17,41.2,77.4,0.3831,1.0,0.0,0.3,4,0.0
Tyrel Curtis,17,35.3,74.0,0.4945,0.6,0.0,0.3,3,0.0
Wade Stanton,17,17.6,79.7,0.3807,0.6,0.0,0.3,3,0.0
Will Hines,17,29.4,71.4,0.5637,0.0039,0.0,0.3,3,0.0
Aaron Niederegger,16,31.2,69.2,0.6102,1.0,0.0,0.3,4,0.0
Bar Barraza Betance,16,18.8,76.2,0.8051,1.0,0.0,0.3,3,0.0
Blake Huffman,16,12.5,78.5,0.4742,0.0028,0.0,0.3,6,0.0
Brayden Liberio,16,12.5,77.0,0.4742,0.0031,-0.0385,0.3,6,0.0
Brent Vincent,16,25.0,83.8,0.3955,1.0,0.0,0.3,6,0.0
Brock Fry,16,0.0,0,0.2875,0.6,0.0,0.3,16,0.0
Bryan Mann,16,18.8,73.7,0.3418,0.6,0.0,0.3,6,0.0
Bryan Porter,16,31.2,73.4,0.3943,0.6,0.0,0.3,5,0.0
Bryce Burnell,16,6.2,85.0,0.3808,0.0086,-0.0192,0.3,8,0.0
Caeden Earl,16,18.8,82.8,0.1292,0.004,0.0,0.3,12,0.0
Chris Kuemper,16,6.2,74.0,0.3808,0.0055,0.0,0.3,8,0.0
Chris Littlejohn,16,25.0,76.8,0.5103,1.0,0.0,0.3,6,0.0
Chris Schiesel,16,25.0,72.0,0.6578,1.0,0.0,0.3,6,0.0
Clint Johnson,16,31.2,71.6,0.5904,0.6,0.0,0.3,3,0.0
Cord McCoy,16,37.5,78.2,0.5869,1.0,0.0,0.3,4,0.0
Curtis Griffin,16,25.0,76.0,0.5896,0.0086,0.0,0.3,5,0.0
Derrick Finnels,16,43.8,72.4,0.6384,0.0032,0.0,0.3,3,0.0
Drew Parker,16,18.8,62.3,0.715,0.6,0.0,0.3,12,0.0
Dusty Glenn,16,12.5,81.7,0.3808,1.0,0.0,0.3,7,0.0
Jack Mitchell,16,43.8,83.7,0.3699,0.6,0.0877,0.3,3,0.0
Jake Morrow,16,0.0,0,0.2875,0.7,0.0,0.3,16,0.0
James Amundson,16,56.2,73.7,0.5147,1.0,0.0,0.3,3,0.0
Jeremiah Farrell,16,6.2,74.0,0.3342,0.6,0.0,0.3,15,0.0
Jeremiah Wilder,16,18.8,65.7,0.4552,1.0,0.0,0.3,6,0.0
Jeremy Kuglin,16,31.2,75.2,0.4131,0.0086,0.0,0.3,4,0.0
Jim Bias,16,18.8,79.3,0.1671,1.0,0.0,0.3,12,0.0
John Adrian,16,25.0,69.0,0.5602,0.0029,0.0,0.3,4,0.0
John Davis,16,0.0,0,0.2875,0.7,0.0,0.3,16,0.0
Josh Nixon,16,25.0,74.8,0.3827,1.0,0.0,0.3,3,0.0
Joshua Nunn,16,37.5,73.2,0.4164,0.6,0.0,0.3,4,0.0
Justin Bailey,16,25.0,61.5,0.715,0.0201,0.0,0.3,6,0.0
Justin Goodman,16,12.5,78.5,0.4742,1.0,0.0185,0.3,6,0.0
Kaique Pacheco,16,50.0,85.0,0.5961,1.0,0.0,0.3,4,0.0
Kaue Flora,16,6.2,84.5,0.3808,0.0121,0.0,0.3,8,0.0
Kurt Strasner,16,0.0,0,0.2875,0.7,0.0,0.3,16,0.0
Kyler Oliver,16,31.2,87.2,0.3574,0.6,0.0,0.3,3,0.0
Malachi Schaeffer,16,0.0,0,0.2875,0.6,0.0,0.3,16,0.0
Mario Dubon,16,0.0,0,0.2875,0.7,0.0,0.3,16,0.0
Michael Seng,16,6.2,73.0,0.3342,0.6,0.0,0.3,15,0.0
Mike Boswell,16,6.2,73.0,0.3808,0.0029,0.0,0.3,8,0.0
Morgan Troxel,16,6.2,65.0,0.3808,0.0121,0.0,0.3,8,0.0
Preston Jensen,16,0.0,0,0.2875,0.7,0.0,0.3,16,0.0
Quentin Lowry,16,31.2,78.0,0.576,1.0,0.0,0.3,7,0.0
Ras Evarts,16,62.5,77.3,0.5716,0.6,0.0,0.3,3,0.0
Ronnie Ytuarte,16,0.0,0,0.2875,0.7,0.0,0.3,16,0.0
Ryder Carpenetti,16,18.8,84.6,0.3617,1.0,0.0,0.3,6,0.0
Sean Moore,16,25.0,62.0,0.823,1.0,0.0,0.3,3,0.0
Shane Nickle,16,0.0,0,0.2875,0.7,0.0,0.3,16,0.0
Tom Fischer,16,18.8,69.0,0.5878,1.0,0.0,0.3,6,0.0
Treven Coonradt,16,18.8,80.3,0.3724,0.004,-0.0463,0.3,5,0.0
Tuck Alstatt,16,0.0,0,0.2875,0.7,0.0,0.3,16,0.0
Tyler Martens,16,50.0,81.2,0.2999,0.0026,0.0,0.3,3,0.0
Westen Wade,16,6.2,84.4,0.3342,0.0046,0.0379,0.3,15,0.0
Westin Simpson,16,25.0,82.4,0.3228,0.6,0.0,0.3,4,0.0
Wyatt Davis,16,18.8,79.9,0.4992,1.0,0.0278,0.3,3,0.0
Wyatt Riddle,16,18.8,82.5,0.4107,1.0,0.0076,0.3,3,0.0
Austen Hamblin,15,6.7,85.0,0.3875,1.0,-0.0833,0.3,7,0.0
Austin Beasley,15,60.0,83.6,0.5221,0.0024,0.0,0.3,3,0.0
Ben Bollant,15,13.3,72.5,0.4375,0.6,0.0,0.3,6,0.0
Billy Coles,15,13.3,61.5,0.4875,0.6,0.0,0.3,6,0.0
Billy Kinney,15,6.7,52.0,0.3375,1.0,0.0,0.3,14,0.0
Brandon Hummel,15,20.0,70.7,0.2217,0.0201,0.0,0.3,6,0.0
Brendon Allen,15,13.3,66.0,0.4875,0.6,0.0,0.3,5,0.0
Casey Brockway,15,6.7,68.0,0.3875,0.0067,0.0,0.3,13,0.0
Casey Upchurch,15,26.7,77.8,0.5857,0.6,0.0,0.3,3,0.0
Chad Pighin,15,13.3,67.5,0.4875,1.0,0.0,0.3,6,0.0
Chris Burke,15,33.3,74.4,0.7007,0.0035,0.0,0.3,4,0.0
Cliff Katona,15,0.0,0,0.2875,0.6,0.0,0.3,15,0.0
Cody Rubendall,15,33.3,74.8,0.6924,0.0029,0.0,0.3,4,0.0
Cooper Pugmire,15,20.0,71.4,0.775,0.6,-0.0937,0.3,3,0.0
Coy Garland,15,6.7,74.0,0.3875,1.0,0.0,0.3,13,0.0
Dan Wolfe,15,40.0,80.2,0.6849,1.0,0.0135,0.3,3,0.0
Dantey Eldridge,15,20.0,82.9,0.4196,0.0031,0.0,0.3,6,0.0
Dave Duhame,15,20.0,70.7,0.6909,0.6,0.0,0.3,3,0.0
Dustin Webb,15,0.0,0,0.2875,0.7,0.0,0.3,15,0.0
Eli Super,15,6.7,75.0,0.3875,0.6,0.0,0.3,7,0.0
Ely Ganzer,15,6.7,69.0,0.3875,0.0201,0.0,0.3,7,0.0
Fabio Eleuterio,15,13.3,84.9,0.4875,0.6,0.0,0.3,4,0.0
Gage Gay,15,6.7,80.2,0.3875,1.0,0.0,0.3,13,0.0
Greg Cortaberria,15,0.0,0,0.2875,0.6,0.0,0.3,15,0.0
Guthrie Long,15,0.0,0,0.2875,0.7,0.0,0.3,15,0.0
Jake Mann,15,13.3,75.5,0.4875,1.0,0.0,0.3,4,0.0
Jayden Roy,15,53.3,84.7,0.2581,0.9812,0.0,0.3,3,0.0
Jesse Kline,15,0.0,0,0.2875,0.7,0.0,0.3,15,0.0
Joey Baker,15,6.7,73.0,0.3875,0.0028,0.0,0.3,7,0.0
Joey Mathis,15,13.3,81.0,0.4875,0.0121,0.0,0.3,5,0.0
Jonah Richard,15,0.0,0,0.2875,0.6,0.0,0.3,15,0.0
Jordan Iker,15,13.3,79.8,0.4375,0.6,0.0,0.3,6,0.0
Judd Gallaher,15,6.7,73.0,0.3875,0.0029,0.0,0.3,7,0.0
Ken Siemens,15,33.3,76.4,0.7478,1.0,0.0,0.3,3,0.0
Leandro Zampollo,15,20.0,86.3,0.3889,1.0,0.0,0.3,3,0.0
Levi Ward,15,6.7,85.5,0.3875,0.6,0.0,0.3,7,0.0
Matthew Frost,15,13.3,71.0,0.3875,0.9812,0.0,0.3,6,0.0
Robert Baj,15,0.0,0,0.2875,0.7,0.0,0.3,15,0.0
Ron Wallace,15,6.7,57.0,0.3375,0.0055,0.0,0.3,14,0.0
Ross Bryant,15,6.7,73.0,0.3875,0.0067,0.0,0.3,7,0.0
Roy Kerwood,15,26.7,74.8,0.7076,0.0052,0.0,0.3,4,0.0
Ryan Collins,15,6.7,80.0,0.3875,1.0,0.0,0.3,7,0.0
Tanner Skene,15,46.7,83.4,0.3622,0.0048,0.0,0.3,3,0.0
Travis Finley,15,46.7,73.3,0.6387,0.0029,0.0,0.3,3,0.0
Will Payne,15,20.0,74.0,0.3742,1.0,0.0,0.3,6,0.0
Wyatt Vineyard,15,26.7,75.3,0.7042,0.6,-0.0208,0.3,9,0.0
Adilson Junior,14,28.6,84.0,0.6227,1.0,0.0,0.3,7,0.0
Beau Mattinson,14,0.0,0,0.2875,0.6,0.0,0.3,14,0.0
Ben Keliher,14,7.1,68.0,0.3952,0.6,0.0,0.3,6,0.0
Billy Corliss,14,0.0,0,0.2875,0.7,0.0,0.3,14,0.0
Blu Rowe,14,7.1,68.0,0.3952,0.0035,0.0,0.3,6,0.0
Brad Campbell,14,14.3,64.0,0.5029,1.0,0.0,0.3,3,0.0
Bronson Miller,14,0.0,0,0.2875,0.7,0.0,0.3,14,0.0
Bryan Olson,14,21.4,69.7,0.3032,0.6,0.0,0.3,6,0.0
Caleb McCaslin,14,21.4,83.7,0.5361,0.0086,-0.0682,0.3,3,0.0
Carsen Jessop,14,0.0,0,0.2875,0.6,0.0,0.3,14,0.0
Cauy Hudson,14,14.3,82.0,0.449,0.0046,0.0,0.3,6,0.0
Chris Lee,14,7.1,64.0,0.3952,1.0,0.0,0.3,6,0.0
Cody Blades,14,21.4,71.7,0.555,0.0121,0.0,0.3,9,0.0
Cole Lundahl,14,0.0,0,0.2875,0.7,0.0,0.3,14,0.0
Connor Dean,14,14.3,77.2,0.5029,1.0,-0.125,0.3,4,0.0
Curtis Atwood,14,7.1,75.0,0.3952,0.6,0.0,0.3,6,0.0
Dan Porter,14,14.3,79.0,0.5029,1.0,0.0,0.3,4,0.0
Daniel Burke,14,7.1,80.6,0.3952,1.0,0.0,0.3,6,0.0
David Madrid,14,7.1,71.0,0.3952,0.6,0.0,0.3,12,0.0
Devon Smith,14,21.4,70.3,0.3948,1.0,0.0,0.3,3,0.0
Elliott Corum,14,28.6,65.8,0.6284,0.6,0.0,0.3,3,0.0
Heath Hayden,14,28.6,68.2,0.5716,0.6,0.0,0.3,3,0.0
Howie Carroll,14,28.6,74.8,0.5076,0.9864,0.0,0.3,3,0.0
Jairo Castellanos,14,14.3,83.1,0.5029,0.6,0.0,0.3,6,0.0
Jarrett Webb,14,0.0,0,0.2875,0.7,0.0,0.3,14,0.0
Jeremy Maisonneuve,14,42.9,85.2,0.3529,1.0,0.0,0.3,3,0.0
Jesse Pendergast,14,7.1,82.0,0.3952,1.0,0.0,0.3,6,0.0
Jett Lambert,14,7.1,84.7,0.3952,1.0,0.0,0.3,6,0.0
Jhonny Klesse,14,21.4,82.8,0.3189,0.0029,0.0,0.3,3,0.0
Jimmy Stevens,14,0.0,0,0.2875,0.6,0.0,0.3,14,0.0
Jose Natanael Marcodes da Silva,14,7.1,83.8,0.3952,1.0,0.0,0.3,6,0.0
Jose Ramirez,14,0.0,0,0.2875,0.7,0.0,0.3,14,0.0
Josh McCreadie,14,0.0,0,0.2875,0.7,0.0,0.3,14,0.0
Justin Edmonds,14,21.4,73.7,0.7365,0.6,0.0,0.3,6,0.0
Justin Mildenberger,14,14.3,63.0,0.5029,0.0034,-0.0455,0.3,4,0.0
Justin Neill,14,0.0,0,0.2875,0.7,0.0,0.3,14,0.0
Kane Taylor,14,35.7,80.5,0.4322,1.0,-0.1136,0.3,4,0.0
Keith Roquemore,14,50.0,66.1,0.5767,1.0,0.0,0.3,4,0.0
Kenneth Ehrhardt,14,28.6,68.0,0.5919,0.6,0.0,0.3,3,0.0
Koty Brugh,14,21.4,72.0,0.4638,0.0035,0.0,0.3,5,0.0
Landon Hall,14,14.3,78.0,0.5029,0.0201,0.0,0.3,4,0.0
Luis Tinoco,14,0.0,0,0.2875,0.7,0.0,0.3,14,0.0
Luke Dunand,14,0.0,0,0.2875,0.7,0.0,0.3,14,0.0
Maikon Calixton Rocha,14,21.4,88.5,0.2464,1.0,0.0,0.3,5,0.0
Mario Ramirez,14,14.3,70.0,0.5029,1.0,0.0,0.3,4,0.0
Marty Castor,14,0.0,0,0.2875,0.7,0.0,0.3,14,0.0
Phillip Willard,14,7.1,79.0,0.3952,1.0,0.0,0.3,6,0.0
Richard Bird,14,7.1,65.0,0.3952,0.0028,0.0,0.3,6,0.0
Ross Lewis,14,35.7,66.8,0.8455,0.6,0.0,0.3,3,0.0
Royle Scrogham,14,21.4,73.0,0.3934,0.98,0.0,0.3,3,0.0
Rubens Barbosa,14,14.3,80.5,0.449,0.003,0.0,0.3,6,0.0
Scott Blankenship,14,21.4,71.0,0.4768,1.0,0.0,0.3,4,0.0
Shawn McCalister,14,0.0,0,0.2875,0.6,0.0,0.3,14,0.0
Stetson Long,14,0.0,0,0.2875,0.7,0.0,0.3,14,0.0
Tanner Christian,14,14.3,82.4,0.449,0.0032,0.0208,0.3,11,0.0
Thomas Salario,14,35.7,76.6,0.642,1.0,0.0,0.3,3,0.0
Tommy Kunz,14,7.1,83.0,0.3413,0.0086,0.0,0.3,13,0.0
Trey Mcfarlane,14,14.3,84.8,0.5029,0.6,0.0,0.3,3,0.0
Tyler Manor,14,14.3,83.6,0.5029,0.0031,0.0,0.3,4,0.0
Tyndel Carson,14,0.0,0,0.2875,0.7,0.0,0.3,14,0.0
Wallace Vieira de Oliveira,14,7.1,83.0,0.3952,0.0055,0.0,0.3,12,0.0
Wes Farris,14,21.4,71.0,0.6957,1.0,0.0,0.3,4,0.0
Wyatt Phelps,14,28.6,76.6,0.5845,0.0031,0.0,0.3,3,0.0
Aidan Ruby,13,0.0,0,0.2875,0.6,0.0,0.3,13,0.0
Blaine Whipp,13,30.8,81.8,0.5768,0.0028,-0.1481,0.3,4,0.0
Blue Garza,13,7.7,41.0,0.4042,0.0201,0.0,0.3,6,0.0
Bobby Rowland,13,23.1,71.3,0.4694,1.0,0.0,0.3,3,0.0
Brian Winters,13,15.4,65.5,0.4042,0.6,0.0,0.3,6,0.0
Brock Radford,13,15.4,83.3,0.3458,0.6,0.0,0.3,11,0.0
Carter Shaw,13,15.4,75.0,0.4625,0.0028,-0.0313,0.3,6,0.0
Casey Haynes,13,0.0,0,0.2875,0.7,0.0,0.3,13,0.0
Casey Stone,13,0.0,0,0.2875,0.6,0.0,0.3,13,0.0
Charles Finlaw,13,7.7,40.0,0.4042,0.0201,0.0,0.3,6,0.0
Chris Alvey,13,0.0,0,0.2875,0.6,0.0,0.3,13,0.0
Cody Hooks,13,53.8,81.7,0.6172,1.0,0.0,0.3,3,0.0
Cody McCarroll,13,0.0,0,0.2875,0.7,0.0,0.3,13,0.0
Corey Davis,13,53.8,73.7,0.7504,0.6,0.0,0.3,3,0.0
Danny Jendral,13,7.7,64.0,0.4042,1.0,0.0,0.3,6,0.0
Gavin Creviston,13,7.7,65.7,0.4042,1.0,0.025,0.3,6,0.0
Greg Maughan,13,0.0,0,0.2875,0.6,0.0,0.3,13,0.0
Hayden Wright,13,0.0,0,0.2875,0.7,0.0,0.3,13,0.0
Jackson Smith,13,0.0,0,0.2875,0.7,0.0,0.3,13,0.0
Jared Spilde,13,23.1,77.3,0.3459,0.0028,0.0,0.3,4,0.0
Jason Olson,13,23.1,78.3,0.2875,0.0201,0.0,0.3,4,0.0
Joao Pedro Veieria de Castro,13,7.7,83.5,0.4042,1.0,0.0,0.3,6,0.0
Joe Meling,13,30.8,78.8,0.466,1.0,0.0,0.3,4,0.0
Josh Cutler,13,0.0,0,0.2875,0.7,0.0,0.3,13,0.0
Josh Kennedy,13,15.4,74.5,0.5208,0.0046,0.0,0.3,9,0.0
Kenton Gallegos,13,0.0,0,0.2875,0.7,0.0,0.3,13,0.0
Krash Hevalow,13,7.7,78.0,0.3458,1.0,0.0,0.3,12,0.0
Layne Shampang,13,30.8,77.0,0.401,0.0062,0.2857,0.3,4,0.0
Linc Cummings,13,30.8,73.5,0.5981,1.0,0.0,0.3,4,0.0
Martin Naylor,13,7.7,55.0,0.4042,0.6,0.0,0.3,6,0.0
Matt Allgood,13,7.7,58.5,0.4042,0.0046,0.0,0.3,11,0.0
Matthew Pinon,13,0.0,0,0.2875,0.7,0.0,0.3,13,0.0
Max Castro,13,0.0,0,0.2875,0.7,0.0,0.3,13,0.0
Mitch Glanville,13,7.7,79.0,0.4042,0.6,0.0,0.3,6,0.0
Nathan Hofer,13,15.4,78.5,0.4625,0.6,0.0,0.3,6,0.0
Octavius Christiansen,13,7.7,84.7,0.4042,1.0,0.025,0.3,6,0.0
Preston LaForett,13,0.0,0,0.2875,0.7,0.0,0.3,13,0.0
Randen Henry,13,7.7,70.0,0.3458,1.0,0.0,0.3,12,0.0
Richard Stapleman,13,15.4,72.5,0.5208,1.0,0.0,0.3,5,0.0
Rob Phipps,13,7.7,49.0,0.3458,0.0121,0.0,0.3,12,0.0
Robert Swanson,13,15.4,74.5,0.5208,0.0201,0.0463,0.3,5,0.0
Ronald Uptegraft,13,38.5,72.4,0.5795,0.0086,0.0,0.3,3,0.0
Sam Wisecup,13,23.1,69.7,0.4426,0.0029,0.0,0.3,3,0.0
Shane Bailey,13,7.7,65.0,0.3458,1.0,0.0,0.3,12,0.0
Shay Marks,13,23.1,85.0,0.2954,0.6,0.0,0.3,4,0.0
Stetson Iverson,13,7.7,83.7,0.4042,0.6,0.0714,0.3,6,0.0
TJ McGovern,13,23.1,70.3,0.1438,0.6,0.0,0.3,5,0.0
Tanner Robertson,13,38.5,73.8,0.5183,0.6,0.0,0.3,3,0.0
Tanner Wall,13,7.7,65.0,0.4042,0.6,0.0,0.3,6,0.0
Tee Jay Mulrony,13,0.0,0,0.2875,0.7,0.0,0.3,13,0.0
Thor Hoefer,13,7.7,74.0,0.4042,1.0,0.0,0.3,11,0.0
Tom Tharp,13,23.1,71.3,0.4682,0.0201,0.0,0.3,3,0.0
Ty Joslin,13,7.7,69.0,0.4042,1.0,0.0,0.3,11,0.0
Zack Oberholzer,13,7.7,75.0,0.4042,1.0,0.0833,0.3,6,0.0
Zane Nourse,13,0.0,0,0.2875,0.7,0.0,0.3,13,0.0
Aaron Fruge,12,16.7,61.5,0.4784,0.0034,0.0,0.3,5,0.0
Adam Mast,12,33.3,82.1,0.4887,1.0,0.1667,0.3,3,0.0
Alisson De Souza,12,8.3,86.5,0.4148,0.0121,0.0,0.3,6,0.0
Avelino Baca,12,33.3,71.0,0.4415,0.6,0.0,0.3,4,0.0
Barry Arnestad,12,8.3,74.0,0.4148,0.0028,0.0,0.3,6,0.0
Boogie Marquez,12,0.0,0,0.2875,0.7,0.0,0.3,12,0.0
Brandon Mountz-Mahan,12,8.3,74.0,0.4148,0.0046,0.0,0.3,6,0.0
Brian Mishey,12,8.3,68.0,0.4148,0.6,0.0,0.3,10,0.0
Briggs Madsen,12,8.3,86.0,0.3511,0.0086,-0.0417,0.3,11,0.0
Brylen Dees,12,0.0,0,0.2875,0.6,0.0,0.3,12,0.0
Buck Butterfield,12,0.0,0,0.2875,0.7,0.0,0.3,12,0.0
Buck Taylor,12,25.0,75.7,0.6753,1.0,0.0,0.3,4,0.0
Cody Whitney,12,50.0,68.8,0.8932,0.0077,0.0,0.3,3,0.0
Craig Martin,12,58.3,70.6,0.6713,0.6,0.0,0.3,3,0.0
Dan Morse,12,16.7,76.5,0.4784,0.0201,0.0,0.3,9,0.0
Doug Sanders,12,33.3,71.0,0.4091,0.6,0.0,0.3,3,0.0
Dustin Mulroney,12,25.0,79.0,0.459,0.6,0.0,0.3,3,0.0
Dustin Ogelvie,12,33.3,73.5,0.6183,0.0031,0.0,0.3,4,0.0
Edgardo Figueroa,12,0.0,0,0.2875,0.7,0.0,0.3,12,0.0
Eli Necochea,12,16.7,71.8,0.4148,0.6,0.1667,0.3,5,0.0
Garrett Wall,12,8.3,80.5,0.4148,0.6,0.0,0.3,6,0.0
Jacob David,12,0.0,0,0.2875,0.7,0.0,0.3,12,0.0
Jake Hawker,12,16.7,77.5,0.542,1.0,0.0,0.3,8,0.0
Jake Lockwood,12,50.0,83.9,0.3826,1.0,0.0,0.3,3,0.0
Jarett Evans,12,16.7,85.0,0.4148,0.0035,0.0,0.3,5,0.0
Jay Dunford,12,41.7,72.8,0.6233,0.0077,0.0,0.3,3,0.0
Jon Singleton,12,25.0,65.0,0.7355,0.003,0.0,0.3,7,0.0
Josh Carlson,12,16.7,71.0,0.4784,0.9769,0.0556,0.3,5,0.0
Josh Cornett,12,0.0,0,0.2875,0.7,0.0,0.3,12,0.0
Justin Freter,12,16.7,66.0,0.542,0.6,0.0,0.3,4,0.0
Justin Volz,12,33.3,81.9,0.4004,0.0026,0.0,0.3,3,0.0
Kirby Niebaum,12,0.0,0,0.2875,0.6,0.0,0.3,12,0.0
Kory Batrin,12,0.0,0,0.2875,0.7,0.0,0.3,12,0.0
Larenz Tsosie,12,0.0,0,0.2875,0.7,0.0,0.3,12,0.0
Leif Ferri,12,8.3,69.0,0.4148,1.0,0.0,0.3,6,0.0
Levi Hapney,12,41.7,78.2,0.3778,0.6,0.0,0.3,3,0.0
Liam Bishop,12,0.0,0,0.2875,0.6,0.0,0.3,12,0.0
Mac Erickson,12,16.7,73.5,0.542,0.0201,0.0,0.3,8,0.0
Marcus Young,12,41.7,75.4,0.5081,0.6,0.0,0.3,3,0.0
Matt Aipperspach,12,25.0,72.3,0.5079,1.0,0.0,0.3,3,0.0
Matt Gordon,12,0.0,0,0.2875,0.7,0.0,0.3,12,0.0
Mike Swanson,12,0.0,0,0.2875,0.7,0.0,0.3,12,0.0
Nathan Mattox,12,25.0,71.7,0.4363,0.0121,0.0,0.3,4,0.0
Newt Barnes,12,0.0,0,0.2875,0.6,0.0,0.3,12,0.0
Pat Johnson,12,25.0,71.7,0.4831,0.003,0.0,0.3,4,0.0
Paulo Ferreira Lima,12,33.3,83.5,0.4756,0.6,0.0,0.3,3,0.0
Ramon de Lima,12,0.0,0,0.2875,0.6,0.0,0.3,12,0.0
Randy Parmer,12,41.7,68.8,0.4076,0.6,0.0,0.3,3,0.0
Robbie McBryde,12,8.3,66.0,0.4148,0.0046,0.0,0.3,6,0.0
Rory Oster,12,0.0,0,0.2875,0.7,0.0,0.3,12,0.0
Russell McGalliard,12,25.0,72.0,0.6638,1.0,0.0,0.3,7,0.0
Ryan Bitsui,12,0.0,0,0.2875,0.7,0.0,0.3,12,0.0
Ryan Krantz,12,8.3,71.0,0.4148,0.6,0.0,0.3,6,0.0
Scott Breding,12,41.7,81.2,0.2898,0.0031,-0.0701,0.3,4,0.0
Scott Sanders,12,0.0,0,0.2875,0.7,0.0,0.3,12,0.0
Shawn Donahey,12,0.0,0,0.2875,0.7,0.0,0.3,12,0.0
Shawn Hussey,12,8.3,69.0,0.4148,0.0035,0.0,0.3,10,0.0
Talan Kanngiesser,12,0.0,0,0.2875,0.6,0.0,0.3,12,0.0
Travis Wimberley,12,25.0,83.2,0.5094,1.0,0.0,0.3,3,0.0
Tuff Davis,12,16.7,78.0,0.542,1.0,0.0,0.3,8,0.0
Ty Murray,12,58.3,80.1,0.5724,1.0,0.0,0.3,3,0.0
Zechariah Boeckman,12,0.0,0,0.2875,0.7,0.0,0.3,12,0.0
Aaron Semas,11,36.4,80.8,0.4518,0.0201,0.0,0.3,4,0.0
Abomb Martinez,11,0.0,0,0.2875,0.7,0.0,0.3,11,0.0
Alex Cantoral,11,9.1,82.7,0.4275,1.0,0.0,0.3,5,0.0
Brayden Buchanan,11,36.4,68.5,0.6765,0.6,0.0,0.3,3,0.0
Brent Sanchez,11,9.1,73.0,0.4275,1.0,0.0,0.3,5,0.0
Brock Poulin,11,45.5,77.2,0.686,1.0,-0.0417,0.3,3,0.0
Camo Mullins,11,18.2,76.0,0.5675,1.0,0.0,0.3,3,0.0
Casey Collom,11,18.2,67.0,0.4275,1.0,0.0,0.3,4,0.0
Casey Lowick,11,18.2,77.5,0.5675,0.0086,0.0,0.3,4,0.0
Chad Davidson,11,27.3,78.3,0.6555,0.6,0.0,0.3,4,0.0
Chalito Rucobo,11,0.0,0,0.2875,0.7,0.0,0.3,11,0.0
Chanse Phoenix,11,0.0,0,0.2875,0.7,0.0,0.3,11,0.0
Chase Erickson,11,45.5,77.8,0.6418,0.6,0.0,0.3,4,0.0
Chris Picha,11,9.1,64.0,0.4275,0.0201,0.0,0.3,5,0.0
Clinton Ross,11,18.2,73.5,0.5675,0.6,0.0,0.3,3,0.0
Clinton Wilson,11,18.2,74.0,0.4275,0.6,0.0,0.3,4,0.0
Cody Gilbert,11,0.0,0,0.2875,0.7,0.0,0.3,11,0.0
Corey Henson,11,18.2,70.5,0.5675,0.0086,0.0,0.3,4,0.0
Dale Vickrey,11,27.3,73.3,0.5551,1.0,0.0,0.3,4,0.0
Danny Wollard,11,0.0,0,0.2875,0.6,0.0,0.3,11,0.0
Darren Anderson,11,0.0,0,0.2875,0.6,0.0,0.3,11,0.0
Dennis Rossignol,11,18.2,67.0,0.4975,1.0,0.0,0.3,4,0.0
Dusty Herren,11,45.5,75.2,0.618,1.0,0.0,0.3,5,0.0
Earl Jones,11,18.2,69.0,0.5675,0.6,0.0,0.3,4,0.0
Ednelson Martins,11,9.1,82.0,0.4275,0.6,0.0,0.3,9,0.0
Eric Rahilly,11,36.4,72.0,0.4266,0.6,0.0,0.3,3,0.0
George Ross,11,0.0,0,0.2875,0.7,0.0,0.3,11,0.0
Gilbert Carrillo,11,18.2,82.5,0.4275,0.6,0.0,0.3,4,0.0
Greg Christie,11,18.2,62.5,0.4975,0.0067,0.0,0.3,4,0.0
Hank Reece,11,45.5,74.2,0.5333,0.0738,0.0,0.3,3,0.0
James Pihl,11,36.4,68.0,0.839,0.6,0.0,0.3,3,0.0
Jamie Bond,11,0.0,0,0.2875,0.7,0.0,0.3,11,0.0
Jason Bradshaw,11,18.2,70.0,0.5675,1.0,0.0,0.3,7,0.0
Jason Fordham,11,36.4,74.8,0.7186,0.0031,0.0,0.3,3,0.0
Jimbo Kimbro,11,0.0,0,0.2875,0.7,0.0,0.3,11,0.0
Jimmy Borunda,11,9.1,67.0,0.3575,0.0032,0.0,0.3,10,0.0
Joe Zander,11,0.0,0,0.2875,0.7,0.0,0.3,11,0.0
Jonathan Moore,11,0.0,0,0.2875,0.7,0.0,0.3,11,0.0
Joseph Batiste,11,0.0,0,0.2875,0.7,0.0,0.3,11,0.0
Judd Leffew,11,27.3,73.7,0.3517,1.0,0.0,0.3,3,0.0
Justin Wilcken,11,9.1,82.6,0.3575,1.0,0.0,0.3,10,0.0
Kelley McGuire,11,0.0,0,0.2875,0.7,0.0,0.3,11,0.0
Klint Powell,11,18.2,77.0,0.4275,1.0,-0.0625,0.3,4,0.0
Kyle Brown,11,18.2,81.0,0.4275,1.0,0.0,0.3,8,0.0
Lee Hanrahan,11,18.2,68.0,0.4975,0.6,0.0,0.3,4,0.0
Logan Esau,11,0.0,0,0.2875,0.7,0.0,0.3,11,0.0
Luke Collins,11,9.1,73.0,0.3575,0.0029,0.0,0.3,10,0.0
Malachi Gallegos,11,0.0,0,0.2875,0.7,0.0,0.3,11,0.0
Matt Wilson,11,9.1,74.0,0.3575,1.0,0.0,0.3,10,0.0
Matteo Nunez,11,0.0,0,0.2875,0.7,0.0,0.3,11,0.0
Michael Weaver,11,0.0,0,0.2875,0.7,0.0,0.3,11,0.0
Perry Schrock,11,9.1,86.0,0.3575,1.0,-0.0312,0.3,10,0.0
Puff Puffer,11,27.3,64.3,0.7408,0.6,0.0,0.3,3,0.0
Ryer Pete,11,9.1,84.0,0.4275,1.0,-0.0833,0.3,5,0.0
Steven Lambert,11,27.3,69.3,0.4234,1.0,0.0,0.3,4,0.0
TJ Jeffcoat,11,0.0,0,0.2875,0.7,0.0,0.3,11,0.0
Trevor Hunt,11,9.1,71.0,0.4275,0.0201,0.0,0.3,5,0.0
Wyatt Gleeson,11,9.1,84.5,0.4275,0.0035,0.0,0.3,9,0.0
Abel Sanchez,10,20.0,72.5,0.5208,0.6,0.0,0.3,4,0.0
Alecio Ferreira da Costa,10,0.0,0,0.2875,0.7,0.0,0.3,10,0.0
Anthony Shupe,10,10.0,61.0,0.4431,0.6,0.0,0.3,8,0.0
Bill Spaletta,10,30.0,67.0,0.8013,1.0,0.0,0.3,3,0.0
Billy Lema,10,20.0,75.0,0.5208,0.0039,0.0,0.3,7,0.0
Bowdy Thomas,10,30.0,70.0,0.5282,0.6,0.0,0.3,6,0.0
Brandon Hoppe,10,0.0,0,0.2875,0.6,0.0,0.3,10,0.0
Brannon Bartlett,10,40.0,70.8,0.6849,0.6,0.0,0.3,3,0.0
Brian Thome,10,0.0,0,0.2875,0.7,0.0,0.3,10,0.0
Brodie Bates,10,0.0,0,0.2875,0.7,0.0,0.3,10,0.0
Caleb Lund,10,0.0,0,0.2875,0.6,0.0,0.3,10,0.0
Casey Roberts,10,10.0,83.5,0.3653,0.6,0.0,0.3,9,0.0
Chad Barthel,10,0.0,0,0.2875,0.6,0.0,0.3,10,0.0
Chad Drury,10,10.0,75.0,0.4431,0.6,-0.0357,0.3,4,0.0
Chad Raver,10,20.0,74.5,0.3653,1.0,0.0,0.3,8,0.0
Chance Granger,10,20.0,81.5,0.5208,0.0121,0.0,0.3,4,0.0
Chris Hunt,10,40.0,73.5,0.4763,0.3847,0.0,0.3,3,0.0
Colby Gravier,10,0.0,0,0.2875,0.7,0.0,0.3,10,0.0
Cole Melancon,10,10.0,80.5,0.4431,1.0,0.0,0.3,4,0.0
Dalton Dwyer,10,0.0,0,0.2875,0.7,0.0,0.3,10,0.0
Dalton Willis,10,10.0,71.5,0.4431,0.9857,0.0,0.3,4,0.0
Daniel Sharp,10,0.0,0,0.2875,0.7,0.0,0.3,10,0.0
David Gordone,10,0.0,0,0.2875,0.6,0.0,0.3,10,0.0
Dawson Hoover,10,20.0,81.2,0.5986,1.0,0.0,0.3,6,0.0
Dewey ODea,10,40.0,74.2,0.759,0.0201,0.0,0.3,3,0.0
Dustin Glaze,10,20.0,74.5,0.5986,1.0,0.0,0.3,3,0.0
Dustin Richards,10,30.0,78.3,0.1495,0.6,0.0,0.3,7,0.0
Dustin Skiles,10,10.0,59.0,0.4431,0.6,0.0,0.3,4,0.0
Dusty Harris,10,40.0,74.5,0.5972,0.6,0.0,0.3,3,0.0
Finn Cosgrove,10,0.0,0,0.2875,0.7,0.0,0.3,10,0.0
Gilbert Saganey,10,0.0,0,0.2875,0.7,0.0,0.3,10,0.0
Gregory McWilliam,10,30.0,79.3,0.7549,0.9941,0.0,0.3,5,0.0
JT Hardison,10,0.0,0,0.2875,0.7,0.0,0.3,10,0.0
James Ferguson,10,0.0,0,0.2875,0.7,0.0,0.3,10,0.0
James Miyagishima,10,0.0,0,0.2875,0.7,0.0,0.3,10,0.0
Jason Tracy,10,0.0,0,0.2875,0.6,0.0,0.3,10,0.0
Jeff Jones,10,0.0,0,0.2875,0.7,0.0,0.3,10,0.0
Jess Jones,10,10.0,78.0,0.3653,0.6,0.0,0.3,9,0.0
Jestin Jacklin,10,10.0,80.0,0.4431,0.0201,0.0,0.3,4,0.0
Jim Bielby,10,30.0,63.7,0.8861,0.0201,0.0,0.3,3,0.0
John Young,10,0.0,0,0.2875,0.7,0.0,0.3,10,0.0
Johnathan Fontenot,10,30.0,67.0,0.7414,0.6,0.0,0.3,3,0.0
Jordan Hupp,10,50.0,69.0,0.6712,0.6,0.0,0.3,3,0.0
Josh Frihauf,10,0.0,0,0.2875,0.6,0.0,0.3,10,0.0
Joshua Parks,10,20.0,75.5,0.5986,0.0201,0.0,0.3,6,0.0
Justin Greer,10,40.0,63.8,0.8146,0.6,0.0,0.3,3,0.0
Justin Hattaway,10,20.0,61.5,0.4431,1.0,0.0,0.3,7,0.0
Justin Simmons,10,30.0,79.0,0.405,1.0,0.0,0.3,3,0.0
Kayle Lewis,10,0.0,0,0.2875,0.7,0.0,0.3,10,0.0
Kevin Willis,10,10.0,71.0,0.3653,1.0,0.0,0.3,9,0.0
Kyle Howg,10,10.0,80.0,0.4431,0.0031,0.0,0.3,4,0.0
Lennon Cook,10,0.0,0,0.2875,0.7,0.0,0.3,10,0.0
Levi Yoder,10,20.0,79.5,0.4431,1.0,0.0,0.3,4,0.0
Lucas Dunand,10,10.0,74.0,0.3653,0.6,0.0,0.3,9,0.0
Macoy Attebury,10,10.0,89.5,0.4431,0.6,-0.0357,0.3,4,0.0
Marty Staneart,10,10.0,84.0,0.4431,0.6,0.0,0.3,4,0.0
Matt Davis,10,10.0,73.0,0.4431,0.6,0.0,0.3,4,0.0
Michael Hough,10,0.0,0,0.2875,0.7,0.0,0.3,10,0.0
Micky Owens,10,0.0,0,0.2875,0.6,0.0,0.3,10,0.0
Mike Hammer,10,20.0,70.0,0.5986,1.0,0.0,0.3,6,0.0
Mike Langenfeld,10,20.0,73.0,0.5208,0.0034,0.0,0.3,4,0.0
Nash Loewen,10,10.0,83.4,0.4431,0.6,0.0,0.3,8,0.0
Nathan Lenard,10,10.0,68.0,0.4431,1.0,0.0,0.3,4,0.0
Nelson Ladouceur,10,10.0,82.0,0.4431,0.6,0.0,0.3,4,0.0
Nick Garramone,10,0.0,0,0.2875,0.7,0.0,0.3,10,0.0
Noah Schmidt,10,10.0,66.0,0.4431,0.6,0.0,0.3,8,0.0
Olen Troyer,10,10.0,65.0,0.4431,0.6,0.0,0.3,8,0.0
Philbert Carlston,10,30.0,74.7,0.4649,0.6,0.0,0.3,3,0.0
Rooster McKeeman,10,40.0,80.6,0.5232,0.6,0.0,0.3,5,0.0
Shane Williams,10,0.0,0,0.2875,0.6,0.0,0.3,10,0.0
Stewart Jones,10,0.0,0,0.2875,0.7,0.0,0.3,10,0.0
Tavrsus Stubbs,10,0.0,0,0.2875,0.7,0.0,0.3,10,0.0
Thor Smith,10,20.0,72.0,0.5986,0.0121,0.0,0.3,4,0.0
Tim Klassen,10,0.0,0,0.2875,0.7,0.0,0.3,10,0.0
Todd Thompson,10,10.0,71.0,0.4431,0.6,0.0,0.3,4,0.0
Tommy Hernandez,10,20.0,69.0,0.5986,0.6,0.0,0.3,3,0.0
Trevor Wittmack,10,20.0,83.2,0.5986,0.0201,0.0,0.3,4,0.0
Tylar Moe,10,0.0,0,0.2875,0.7,0.0,0.3,10,0.0
Viltrumite Ramirez,10,0.0,0,0.2875,0.6,0.0,0.3,10,0.0
Will Dromgold,10,40.0,70.2,0.4653,0.6,0.0,0.3,3,0.0
William Shoun,10,30.0,68.3,0.8861,1.0,0.0,0.3,4,0.0
Wyatt Covington,10,20.0,80.8,0.5986,0.6,0.0,0.3,3,0.0
